model,driving_condition,leader_speed_profile,engine_type,parameter,n_parameter_values,co2_mean_per_km,co2_std_per_km,co2_mean_total,co2_std_total,co2_cov,co2_cov_percent,nox_mean_per_km,nox_std_per_km,nox_mean_total,nox_std_total,nox_cov,nox_cov_percent,pm_mean_per_km,pm_std_per_km,pm_mean_total,pm_std_total,pm_cov,pm_cov_percent,fc_mean_per_km,fc_std_per_km,fc_mean_total,fc_std_total,fc_cov,fc_cov_percent,fc_unit
fvdm,highway,CADC_highway,B,V2,8,0.0,0.0,0.0,0.0,,,0.0,0.0,0.0,0.0,,,0.0,0.0,0.0,0.0,,,0.17223883991210054,0.00611065025122672,0.17223883991210054,0.00611065025122672,0.03547777176358826,3.547777176358826,kWh
fvdm,highway,CADC_highway,B,sens_relvel,8,0.0,0.0,0.0,0.0,,,0.0,0.0,0.0,0.0,,,0.0,0.0,0.0,0.0,,,0.16401626514034678,0.00019411125536764647,0.16401626514034678,0.00019411125536764647,0.001183487840072128,0.1183487840072128,kWh
fvdm,highway,CADC_highway,B,sens_vel,3,0.0,0.0,0.0,0.0,,,0.0,0.0,0.0,0.0,,,0.0,0.0,0.0,0.0,,,0.16401840324747038,0.00014121439084887631,0.16401840324747038,0.00014121439084887631,0.0008609667455170414,0.08609667455170414,kWh
fvdm,highway,CADC_highway,D,V2,8,132.8272640602597,3.4885480976129437,132.8272640602597,3.4885480976129437,0.026263795481252218,2.6263795481252217,0.28407986606549224,0.010554326420637264,0.28407986606549224,0.010554326420637264,0.03715267317890122,3.7152673178901217,0.0005619589397202796,4.074857954364569e-06,0.0005619589397202796,4.074857954364569e-06,0.007251166706935686,0.7251166706935686,42.39612379527231,1.1134831239130523,42.39612379527231,1.1134831239130523,0.026263795466066154,2.6263795466066155,g
fvdm,highway,CADC_highway,D,sens_relvel,8,127.38495935088156,0.09059573395766521,127.38495935088156,0.09059573395766521,0.0007111964742094824,0.07111964742094824,0.26726318506952457,0.00018100357257681078,0.26726318506952457,0.00018100357257681078,0.0006772484303430171,0.06772484303430171,0.0006031994007202795,1.3048587373455532e-07,0.0006031994007202795,1.3048587373455532e-07,0.00021632294988811716,0.021632294988811716,40.659035960094414,0.028916563923734342,40.659035960094414,0.028916563923734342,0.0007111964964470642,0.07111964964470642,g
fvdm,highway,CADC_highway,D,sens_vel,3,127.68192071741919,0.008470683645752906,127.68192071741919,0.008470683645752906,6.63420756686446e-05,0.00663420756686446,0.2686974840384626,0.00033041870050183375,0.2686974840384626,0.00033041870050183375,0.0012297052266203434,0.12297052266203434,0.0006010974885768387,9.391464481556855e-07,0.0006010974885768387,9.391464481556855e-07,0.0015623862451650116,0.15623862451650117,40.75382080104163,0.002703693474264646,40.75382080104163,0.002703693474264646,6.634208575102588e-05,0.006634208575102588,g
fvdm,highway,CADC_highway,D_HEV,V2,8,116.01939975401986,6.308046755300042,116.01939975401986,6.308046755300042,0.05437062050548559,5.437062050548559,0.2451416784828489,0.010302626042796305,0.2451416784828489,0.010302626042796305,0.04202723138128924,4.202723138128924,0.000507401848192014,6.428302545622368e-06,0.000507401848192014,6.428302545622368e-06,0.012669056229353211,1.266905622935321,37.03134946485777,2.013417447938266,37.03134946485777,2.013417447938266,0.054370620488701636,5.437062048870164,g
fvdm,highway,CADC_highway,D_HEV,sens_relvel,8,100.19584126972526,0.0773570205994797,100.19584126972526,0.0773570205994797,0.0007720581974179557,0.07720581974179558,0.231315641314972,0.00011520068885572827,0.231315641314972,0.00011520068885572827,0.0004980237747903295,0.049802377479032954,0.0005529473347265575,1.740464837104843e-07,0.0005529473347265575,1.740464837104843e-07,0.0003147614117654685,0.03147614117654685,31.980748228089723,0.024690999323487922,31.980748228089723,0.024690999323487922,0.0007720582128782409,0.07720582128782409,g
fvdm,highway,CADC_highway,D_HEV,sens_vel,3,101.12762095916678,0.17527363212826244,101.12762095916678,0.17527363212826244,0.00173319247961973,0.17331924796197298,0.23232617947418507,0.0002796690867425667,0.23232617947418507,0.0002796690867425667,0.001203777754945788,0.1203777754945788,0.0005508415080314695,9.525017568002842e-07,0.0005508415080314695,9.525017568002842e-07,0.001729175711910708,0.1729175711910708,32.27815589797462,0.05594425693120112,32.27815589797462,0.05594425693120112,0.0017331924756801703,0.17331924756801703,g
fvdm,highway,CADC_highway,G,V2,8,137.73826432262268,2.529576191750368,137.73826432262268,2.529576191750368,0.018365094145700662,1.8365094145700662,0.02549902797139829,0.0005809006069498716,0.02549902797139829,0.0005809006069498716,0.022781284353327325,2.2781284353327322,0.0010250067744906935,6.867098746737532e-05,0.0010250067744906935,6.867098746737532e-05,0.06699564254245698,6.699564254245698,44.37136338444437,0.8148842652802013,44.37136338444437,0.8148842652802013,0.01836509413109181,1.836509413109181,g
fvdm,highway,CADC_highway,G,sens_relvel,8,136.01498816505892,0.13003204401174043,136.01498816505892,0.13003204401174043,0.0009560126113009106,0.09560126113009106,0.025529939615088613,1.417119680671062e-05,0.025529939615088613,1.417119680671062e-05,0.0005550814855173104,0.05550814855173104,0.0012746379081335242,4.954924046474616e-07,0.0012746379081335242,4.954924046474616e-07,0.0003887318912184405,0.03887318912184405,43.81622271751416,0.04188886047105942,43.81622271751416,0.04188886047105942,0.0009560125878745742,0.09560125878745743,g
fvdm,highway,CADC_highway,G,sens_vel,3,135.88653192606932,0.04849768328836094,135.88653192606932,0.04849768328836094,0.00035689838132558035,0.035689838132558035,0.02553310361903821,6.852460839157918e-06,0.02553310361903821,6.852460839157918e-06,0.0002683755543939644,0.02683755543939644,0.0012631734068268912,3.7979713713863664e-06,0.0012631734068268912,3.7979713713863664e-06,0.0030066904123060363,0.3006690412306036,43.774841489990706,0.015623170837254008,43.774841489990706,0.015623170837254008,0.00035689839884003486,0.03568983988400349,g
fvdm,highway,CADC_highway,G_HEV,V2,8,98.6986425130782,7.630900224748446,98.6986425130782,7.630900224748446,0.07731514872392803,7.731514872392803,0.02191258210179178,0.0007048268145933908,0.02191258210179178,0.0007048268145933908,0.03216539298377609,3.216539298377609,0.0009873682610329134,6.765035663971123e-05,0.0009873682610329134,6.765035663971123e-05,0.06851583072858784,6.8515830728587845,31.79503789454677,2.45823808441038,31.79503789454677,2.45823808441038,0.07731514875256675,7.731514875256675,g
fvdm,highway,CADC_highway,G_HEV,sens_relvel,8,78.19899963570849,0.07481133938368748,78.19899963570849,0.07481133938368748,0.0009566789822401502,0.09566789822401502,0.02163450019620144,1.197913579626752e-05,0.02163450019620144,1.197913579626752e-05,0.0005537052248783081,0.05537052248783081,0.0012307168052400987,8.012610910995943e-07,0.0012307168052400987,8.012610910995943e-07,0.0006510523685774141,0.0651052368577414,25.191229519136073,0.02409991963291842,25.191229519136073,0.02409991963291842,0.0009566789749032036,0.09566789749032036,g
fvdm,highway,CADC_highway,G_HEV,sens_vel,3,79.37029702210863,0.25887315096349317,79.37029702210863,0.25887315096349317,0.0032615872773083354,0.32615872773083354,0.021685641599444472,1.4204109219871137e-06,0.021685641599444472,1.4204109219871137e-06,6.550006443081217e-05,0.006550006443081217,0.0012174142330381432,4.226028645951427e-06,0.0012174142330381432,4.226028645951427e-06,0.0034713152937312663,0.34713152937312663,25.568554312077524,0.08339407110079256,25.568554312077524,0.08339407110079256,0.0032615872639072383,0.32615872639072385,g
fvdm,highway,HWFET,B,V2,3,0.0,0.0,0.0,0.0,,,0.0,0.0,0.0,0.0,,,0.0,0.0,0.0,0.0,,,0.17513922901769294,0.0039153565068660995,0.17513922901769294,0.0039153565068660995,0.022355679700237586,2.2355679700237587,kWh
fvdm,highway,HWFET,D,V2,3,130.98089528830397,2.6458097494327,130.98089528830397,2.6458097494327,0.020199966900584773,2.0199966900584774,0.268280198850023,0.00858778173294519,0.268280198850023,0.00858778173294519,0.032010494139174346,3.201049413917435,0.000529062927143461,7.366821277352499e-06,0.000529062927143461,7.366821277352499e-06,0.013924281780860649,1.3924281780860648,41.80679539062192,0.8444958837984246,41.80679539062192,0.8444958837984246,0.0201999669170496,2.01999669170496,g
fvdm,highway,HWFET,D_HEV,V2,3,117.27550560798328,3.563668288783462,117.27550560798328,3.563668288783462,0.030387149220193792,3.038714922019379,0.2312568951105504,0.00906180714180668,0.2312568951105504,0.00906180714180668,0.039185024677749654,3.9185024677749656,0.0004779259253737285,7.254354359281521e-06,0.0004779259253737285,7.254354359281521e-06,0.01517882578478822,1.5178825784788221,37.43227633587472,1.1374601665838797,37.43227633587472,1.1374601665838797,0.03038714921789967,3.0387149217899667,g
fvdm,highway,HWFET,G,V2,3,136.4133754647555,1.9924922842064086,136.4133754647555,1.9924922842064086,0.014606282392896288,1.4606282392896288,0.025180193195451835,0.0004762475088073254,0.025180193195451835,0.0004762475088073254,0.018913576441238245,1.8913576441238245,0.0009549702714372771,1.936620706965384e-05,0.0009549702714372771,1.936620706965384e-05,0.02027938214297158,2.027938214297158,43.94456024337816,0.6418666535382003,43.94456024337816,0.6418666535382003,0.014606282324441298,1.4606282324441298,g
fvdm,highway,HWFET,G_HEV,V2,3,102.16248730848845,3.911007189781609,102.16248730848845,3.911007189781609,0.038282223669554805,3.8282223669554805,0.021659285750195902,0.0005194600741360455,0.021659285750195902,0.0005194600741360455,0.023983250423266943,2.3983250423266944,0.0009182615366234593,1.901761063603562e-05,0.0009182615366234593,1.901761063603562e-05,0.02071045108343022,2.071045108343022,32.910889883944236,1.2599020475679332,32.910889883944236,1.2599020475679332,0.03828222366550421,3.8282223665504214,g
fvdm,highway,WLTC_highway,B,V2,7,0.0,0.0,0.0,0.0,,,0.0,0.0,0.0,0.0,,,0.0,0.0,0.0,0.0,,,0.17599445487313253,0.009632515632541517,0.17599445487313253,0.009632515632541517,0.05473192686374816,5.473192686374817,kWh
fvdm,highway,WLTC_highway,B,sens_relvel,6,0.0,0.0,0.0,0.0,,,0.0,0.0,0.0,0.0,,,0.0,0.0,0.0,0.0,,,0.16349871340683134,0.00013924633030972425,0.16349871340683134,0.00013924633030972425,0.0008516662144199248,0.08516662144199248,kWh
fvdm,highway,WLTC_highway,B,sens_vel,2,0.0,0.0,0.0,0.0,,,0.0,0.0,0.0,0.0,,,0.0,0.0,0.0,0.0,,,0.1631417448040493,3.8381962925840285e-05,0.1631417448040493,3.8381962925840285e-05,0.0002352675764988362,0.02352675764988362,kWh
fvdm,highway,WLTC_highway,D,V2,7,137.69585699412832,9.461265090277848,137.69585699412832,9.461265090277848,0.06871132724553433,6.8711327245534335,0.3062199676270791,0.0382885740015646,0.3062199676270791,0.0382885740015646,0.12503617676621664,12.503617676621664,0.000594484490634383,5.052492597385762e-05,0.000594484490634383,5.052492597385762e-05,0.0849894770508508,8.49894770508508,43.950092939257225,3.0198692219504384,43.950092939257225,3.0198692219504384,0.06871132732584104,6.871132732584104,g
fvdm,highway,WLTC_highway,D,sens_relvel,6,127.01462675879458,0.10714767532646037,127.01462675879458,0.10714767532646037,0.0008435853260423126,0.08435853260423126,0.2662377229410812,8.146742056267798e-05,0.2662377229410812,8.146742056267798e-05,0.0003059950320440009,0.03059950320440009,0.0006019828448179651,2.0287849961234623e-07,0.0006019828448179651,2.0287849961234623e-07,0.0003370170784080983,0.03370170784080983,40.540832318741344,0.034199651770781686,40.540832318741344,0.034199651770781686,0.0008435853388972422,0.08435853388972422,g
fvdm,highway,WLTC_highway,D,sens_vel,2,126.53010117649578,0.014326258547917803,126.53010117649578,0.014326258547917803,0.00011322411358807203,0.011322411358807202,0.2655221913568565,0.00018770408067558808,0.2655221913568565,0.00018770408067558808,0.0007069242676719158,0.07069242676719158,0.0005981105055126283,4.6839836497956314e-07,0.0005981105055126283,4.6839836497956314e-07,0.0007831301417755711,0.07831301417755711,40.386180282828676,0.004572690416051017,40.386180282828676,0.004572690416051017,0.00011322413716840723,0.011322413716840724,g
fvdm,highway,WLTC_highway,D_HEV,V2,7,120.47738827235221,10.937910763195193,120.47738827235221,10.937910763195193,0.09078807998783023,9.078807998783024,0.2664091949200621,0.03831303019083881,0.2664091949200621,0.03831303019083881,0.14381271713363683,14.381271713363683,0.0005352818939667695,4.5167727548192736e-05,0.0005352818939667695,4.5167727548192736e-05,0.08438119812622835,8.438119812622835,38.454260901969334,3.4911885149446262,38.454260901969334,3.4911885149446262,0.090788079995729,9.0788079995729,g
fvdm,highway,WLTC_highway,D_HEV,sens_relvel,6,99.740400663164,0.09236948253713706,99.740400663164,0.09236948253713706,0.000926098972161547,0.0926098972161547,0.2304991811091194,0.00010016234693195969,0.2304991811091194,0.00010016234693195969,0.00043454534827411104,0.0434545348274111,0.0005519948490631872,2.614634821704882e-07,0.0005519948490631872,2.614634821704882e-07,0.00047367014857879286,0.04736701485787929,31.83537960542557,0.02948271251719549,31.83537960542557,0.02948271251719549,0.0009260989780115854,0.09260989780115854,g
fvdm,highway,WLTC_highway,D_HEV,sens_vel,2,99.71949734496079,0.05563161121536808,99.71949734496079,0.05563161121536808,0.0005578809831233005,0.05578809831233005,0.22980619115735107,0.00015292434654094744,0.22980619115735107,0.00015292434654094744,0.0006654492020897657,0.06654492020897658,0.0005484232746412812,4.812514270894188e-07,0.0005484232746412812,4.812514270894188e-07,0.0008775182406403176,0.08775182406403176,31.82870763346605,0.017756630737292056,31.82870763346605,0.017756630737292056,0.0005578809841032308,0.05578809841032308,g
fvdm,highway,WLTC_highway,G,V2,7,141.33497617238694,6.994009164624552,141.33497617238694,6.994009164624552,0.04948533868993565,4.9485338689935645,0.026332623573406468,0.0015752305056819951,0.026332623573406468,0.0015752305056819951,0.059820492298869654,5.982049229886965,0.0010277772280800899,4.9623530262993687e-05,0.0010277772280800899,4.9623530262993687e-05,0.04828237959279514,4.828237959279514,45.53001749287568,2.25306832440388,45.53001749287568,2.25306832440388,0.049485338430990705,4.948533843099071,g
fvdm,highway,WLTC_highway,G,sens_relvel,6,135.741650148332,0.12670163042035312,135.741650148332,0.12670163042035312,0.000933402756500305,0.0933402756500305,0.025451623205573006,1.7348491239579807e-05,0.025451623205573006,1.7348491239579807e-05,0.0006816261226034927,0.06816261226034928,0.0012746957232637017,6.022330880891976e-07,0.0012746957232637017,6.022330880891976e-07,0.0004724524269582186,0.04724524269582186,43.72816889705888,0.04081599256205255,43.72816889705888,0.04081599256205255,0.0009334027376755262,0.09334027376755262,g
fvdm,highway,WLTC_highway,G,sens_vel,2,135.02731656839518,0.035784766872311025,135.02731656839518,0.035784766872311025,0.00026501872200196635,0.026501872200196636,0.025332061366971796,4.5283475540083135e-06,0.025332061366971796,4.5283475540083135e-06,0.00017875953671549286,0.017875953671549285,0.0012631023963440122,1.8746365619321968e-06,0.0012631023963440122,1.8746365619321968e-06,0.0014841524862578364,0.14841524862578365,43.49805161876043,0.011527798789405352,43.49805161876043,0.011527798789405352,0.0002650187390102201,0.02650187390102201,g
fvdm,highway,WLTC_highway,G_HEV,V2,7,102.28298983139754,10.779986596959736,102.28298983139754,10.779986596959736,0.10539373765598149,10.53937376559815,0.02283033909996814,0.0018102527778312571,0.02283033909996814,0.0018102527778312571,0.07929154139606202,7.929154139606203,0.0009901632927095771,4.914898343908415e-05,0.0009901632927095771,4.914898343908415e-05,0.04963725054338077,4.963725054338077,32.949708881154706,3.4726929732136047,32.949708881154706,3.4726929732136047,0.10539373764239175,10.539373764239174,g
fvdm,highway,WLTC_highway,G_HEV,sens_relvel,6,77.7103844055481,0.08271634825129863,77.7103844055481,0.08271634825129863,0.0010644182097932478,0.10644182097932478,0.021563055989511776,1.4599204016538859e-05,0.021563055989511776,1.4599204016538859e-05,0.0006770470764273802,0.06770470764273802,0.0012311589917483512,7.282369280391879e-07,0.0012311589917483512,7.282369280391879e-07,0.0005915051856990697,0.05915051856990697,25.03382573568903,0.026646460334832294,25.03382573568903,0.026646460334832294,0.0010644182242126995,0.10644182242126995,g
fvdm,highway,WLTC_highway,G_HEV,sens_vel,2,77.90994795038627,0.09212061563096086,77.90994795038627,0.09212061563096086,0.0011823986288583335,0.11823986288583335,0.021481719099579768,4.379342974092371e-06,0.021481719099579768,4.379342974092371e-06,0.0002038637109903388,0.02038637109903388,0.0012188185535365863,1.8440995146115895e-06,0.0012188185535365863,1.8440995146115895e-06,0.0015130221879710117,0.15130221879710118,25.098113656350563,0.029675974308352338,25.098113656350563,0.029675974308352338,0.001182398594359837,0.11823985943598371,g
fvdm,rural,CADC_rural,B,C1,15,0.0,0.0,0.0,0.0,,,0.0,0.0,0.0,0.0,,,0.0,0.0,0.0,0.0,,,0.16508285553995888,0.0001720382676906221,0.16508285553995888,0.0001720382676906221,0.0010421328558190563,0.10421328558190564,kWh
fvdm,rural,CADC_rural,B,C2,15,0.0,0.0,0.0,0.0,,,0.0,0.0,0.0,0.0,,,0.0,0.0,0.0,0.0,,,0.1650662791717492,2.2662332591841973e-17,0.1650662791717492,2.2662332591841973e-17,1.3729232103343242e-16,1.3729232103343243e-14,kWh
fvdm,rural,CADC_rural,B,V1,4,0.0,0.0,0.0,0.0,,,0.0,0.0,0.0,0.0,,,0.0,0.0,0.0,0.0,,,0.16598010909981864,0.0009670648857260146,0.16598010909981864,0.0009670648857260146,0.005826390228147352,0.5826390228147351,kWh
fvdm,rural,CADC_rural,B,V2,7,0.0,0.0,0.0,0.0,,,0.0,0.0,0.0,0.0,,,0.0,0.0,0.0,0.0,,,0.16691153200536094,0.002542819073142055,0.16691153200536094,0.002542819073142055,0.015234531985844953,1.5234531985844952,kWh
fvdm,rural,CADC_rural,B,sens_relvel,12,0.0,0.0,0.0,0.0,,,0.0,0.0,0.0,0.0,,,0.0,0.0,0.0,0.0,,,0.1650124843578795,0.00017562734932396497,0.1650124843578795,0.00017562734932396497,0.0010643276477376338,0.10643276477376339,kWh
fvdm,rural,CADC_rural,B,sens_vel,14,0.0,0.0,0.0,0.0,,,0.0,0.0,0.0,0.0,,,0.0,0.0,0.0,0.0,,,0.1649616003919545,0.00014224155359976207,0.1649616003919545,0.00014224155359976207,0.0008622706936753231,0.08622706936753231,kWh
fvdm,rural,CADC_rural,D,C1,15,130.23152928223843,0.533023030056832,130.23152928223843,0.533023030056832,0.004092887743809426,0.40928877438094263,0.27665205219238265,0.002529149429682666,0.27665205219238265,0.002529149429682666,0.009141986873547232,0.9141986873547232,0.0006180734631244292,1.3108567558206497e-06,0.0006180734631244292,1.3108567558206497e-06,0.0021208753231276504,0.21208753231276503,41.5676109594267,0.17013156661760825,41.5676109594267,0.17013156661760825,0.004092887772253022,0.4092887772253022,g
fvdm,rural,CADC_rural,D,C2,15,130.06342838766398,2.551535120951138e-12,130.06342838766398,2.551535120951138e-12,1.9617621591106248e-14,1.961762159110625e-12,0.27598630282985337,1.1102230246251565e-16,0.27598630282985337,1.1102230246251565e-16,4.0227468292497596e-16,4.022746829249759e-14,0.0006159891982643433,8.85247366868827e-20,0.0006159891982643433,8.85247366868827e-20,1.437115081503321e-16,1.437115081503321e-14,41.513956116546176,3.1776437161565094e-15,41.513956116546176,3.1776437161565094e-15,7.654398697237142e-17,7.654398697237142e-15,g
fvdm,rural,CADC_rural,D,V1,4,131.07157753007417,0.9722003974890175,131.07157753007417,0.9722003974890175,0.007417324303325393,0.7417324303325393,0.28074633048809,0.0050380855602828985,0.28074633048809,0.0050380855602828985,0.017945330047676712,1.7945330047676713,0.0006358972282758603,2.1680506665932394e-05,0.0006358972282758603,2.1680506665932394e-05,0.03409435629199993,3.409435629199993,41.83573956869873,0.310309248705633,41.83573956869873,0.310309248705633,0.007417324323765622,0.7417324323765623,g
fvdm,rural,CADC_rural,D,V2,7,133.22937689846586,3.7056466246678608,133.22937689846586,3.7056466246678608,0.02781403554481783,2.7814035544817832,0.29031157235996174,0.017670775232925408,0.29031157235996174,0.017670775232925408,0.06086831154982394,6.086831154982394,0.0006121364235804487,1.1864315463606084e-05,0.0006121364235804487,1.1864315463606084e-05,0.019381815893605034,1.9381815893605034,42.52447113915762,1.1827771618841416,42.52447113915762,1.1827771618841416,0.027814035782211297,2.7814035782211297,g
fvdm,rural,CADC_rural,D,sens_relvel,12,130.06086442645713,0.6151769518241121,130.06086442645713,0.6151769518241121,0.00472991590927003,0.47299159092700305,0.27621941812906886,0.0030517271874217007,0.27621941812906886,0.0030517271874217007,0.011048199319555883,1.1048199319555883,0.0006164110658105291,1.2538440788696862e-06,0.0006164110658105291,1.2538440788696862e-06,0.0020341037797901728,0.2034103779790173,41.51313774300335,0.19635365265074722,41.51313774300335,0.19635365265074722,0.004729915957360771,0.4729915957360771,g
fvdm,rural,CADC_rural,D,sens_vel,14,129.83745339116376,0.2981758242464375,129.83745339116376,0.2981758242464375,0.002296531674478531,0.22965316744785308,0.2750367793218845,0.0010426523208960905,0.2750367793218845,0.0010426523208960905,0.0037909559712951723,0.37909559712951724,0.0006172925487396771,2.144454042689454e-06,0.0006172925487396771,2.144454042689454e-06,0.003473967160413282,0.3473967160413282,41.441828872453534,0.09517247292191573,41.441828872453534,0.09517247292191573,0.002296531680945603,0.2296531680945603,g
fvdm,rural,CADC_rural,D_HEV,C1,15,102.77408645953666,0.9924065312403824,102.77408645953666,0.9924065312403824,0.009656194138306491,0.9656194138306491,0.23885704981745712,0.0019397323179997145,0.23885704981745712,0.0019397323179997145,0.008120892054398752,0.8120892054398752,0.0005653912559981892,1.44270801731224e-06,0.0005653912559981892,1.44270801731224e-06,0.0025516984955226488,0.25516984955226485,32.80367869217465,0.3167586896546406,32.80367869217465,0.3167586896546406,0.00965619413075777,0.965619413075777,g
fvdm,rural,CADC_rural,D_HEV,C2,15,102.71383710159625,0.0,102.71383710159625,0.0,0.0,0.0,0.2383037593566732,3.204937810639273e-17,0.2383037593566732,3.204937810639273e-17,1.3448960349141572e-16,1.3448960349141572e-14,0.0005643623253574423,0.0,0.0005643623253574423,0.0,0.0,0.0,32.784448158627455,6.864494985445162e-15,32.784448158627455,6.864494985445162e-15,2.0938266071252207e-16,2.0938266071252208e-14,g
fvdm,rural,CADC_rural,D_HEV,V1,4,101.53686361000588,1.5325022673655215,101.53686361000588,1.5325022673655215,0.015093062882577576,1.5093062882577577,0.2419890625272227,0.0038998748654789275,0.2419890625272227,0.0038998748654789275,0.016115913772095418,1.6115913772095418,0.0005821463229349567,1.9692592904816515e-05,0.0005821463229349567,1.9692592904816515e-05,0.033827565560380204,3.3827565560380206,32.408778946180355,0.48914773882148394,32.408778946180355,0.48914773882148394,0.015093062889959144,1.5093062889959143,g
fvdm,rural,CADC_rural,D_HEV,V2,7,109.02552236116597,6.7617083690938395,109.02552236116597,6.7617083690938395,0.062019499862559765,6.201949986255976,0.25005090153997717,0.014601948430079748,0.25005090153997717,0.014601948430079748,0.05839590395456041,5.839590395456041,0.0005594779057271071,1.2011510155374058e-05,0.0005594779057271071,1.2011510155374058e-05,0.021469141198281447,2.146914119828145,34.79902695367395,2.1582182472118583,34.79902695367395,2.1582182472118583,0.062019499857998234,6.201949985799823,g
fvdm,rural,CADC_rural,D_HEV,sens_relvel,12,102.77496078516947,1.173901429599761,102.77496078516947,1.173901429599761,0.011422056701666542,1.1422056701666543,0.23857551601650928,0.002342104706501042,0.23857551601650928,0.002342104706501042,0.009817037161260797,0.9817037161260798,0.0005637497390481491,2.00291449580812e-06,0.0005637497390481491,2.00291449580812e-06,0.0035528433222690218,0.3552843322269022,32.80395776340114,0.37468866822120067,32.80395776340114,0.37468866822120067,0.011422056781186171,1.1422056781186172,g
fvdm,rural,CADC_rural,D_HEV,sens_vel,14,102.16548701032816,0.5580796911178524,102.16548701032816,0.5580796911178524,0.005462507030984296,0.5462507030984296,0.23758155881345241,0.0007859982651370881,0.23758155881345241,0.0007859982651370881,0.003308330280610075,0.3308330280610075,0.0005653257131463037,1.8484158585492535e-06,0.0005653257131463037,1.8484158585492535e-06,0.0032696475952985566,0.32696475952985565,32.60942446513281,0.17812921048348748,32.60942446513281,0.17812921048348748,0.005462507033018928,0.5462507033018928,g
fvdm,rural,CADC_rural,G,C1,15,138.43347164659917,0.20552123949029444,138.43347164659917,0.20552123949029444,0.0014846210027511318,0.14846210027511317,0.026007765941554496,6.975587641573007e-05,0.026007765941554496,6.975587641573007e-05,0.0026821172019345207,0.2682117201934521,0.0012967410483791862,8.368510240537303e-06,0.0012967410483791862,8.368510240537303e-06,0.006453493741867133,0.6453493741867133,44.59531928870425,0.06620714590719398,44.59531928870425,0.06620714590719398,0.0014846209638858642,0.14846209638858643,g
fvdm,rural,CADC_rural,G,C2,15,138.21958977349146,1.9637049737879153e-12,138.21958977349146,1.9637049737879153e-12,1.4207139357061858e-14,1.420713935706186e-12,0.026009939701205353,3.103167691559091e-18,0.026009939701205353,3.103167691559091e-18,1.1930699291145546e-16,1.1930699291145546e-14,0.0012937180290935085,3.998340051969456e-19,0.0012937180290935085,3.998340051969456e-19,3.090580761845795e-16,3.090580761845795e-14,44.52641882466734,7.105427357601002e-15,44.52641882466734,7.105427357601002e-15,1.595777865177121e-16,1.595777865177121e-14,g
fvdm,rural,CADC_rural,G,V1,4,139.9744523636486,1.8145632080605154,139.9744523636486,1.8145632080605154,0.012963531397474914,1.2963531397474914,0.02648322966485458,0.0005079746765596415,0.02648322966485458,0.0005079746765596415,0.01918099427403923,1.918099427403923,0.001349957863407763,6.301817671655751e-05,0.001349957863407763,6.301817671655751e-05,0.04668158794043965,4.668158794043966,45.091734830670006,0.58454811696857,45.091734830670006,0.58454811696857,0.012963531324835575,1.2963531324835575,g
fvdm,rural,CADC_rural,G,V2,7,139.57633999445721,2.0226111297412555,139.57633999445721,2.0226111297412555,0.014491074417208363,1.4491074417208363,0.025856896873382187,0.00043506380691591014,0.025856896873382187,0.00043506380691591014,0.016825832157909754,1.6825832157909755,0.0012204834931201227,7.926690715713738e-05,0.0012204834931201227,7.926690715713738e-05,0.06494713579000921,6.494713579000921,44.96348586090551,0.651569206619487,44.96348586090551,0.651569206619487,0.014491074127017545,1.4491074127017545,g
fvdm,rural,CADC_rural,G,sens_relvel,12,138.21765581322552,0.23625237084750023,138.21765581322552,0.23625237084750023,0.001709277801431893,0.1709277801431893,0.025917167974080484,0.0001281434675314154,0.025917167974080484,0.0001281434675314154,0.004944346838341693,0.4944346838341693,0.001291240704234138,1.200521604077404e-05,0.001291240704234138,1.200521604077404e-05,0.009297426886720231,0.9297426886720231,44.525795810160844,0.07610695279247649,44.525795810160844,0.07610695279247649,0.0017092777660160042,0.1709277766016004,g
fvdm,rural,CADC_rural,G,sens_vel,14,138.24771798669593,0.23765278891779282,138.24771798669593,0.23765278891779282,0.001719035889913662,0.17190358899136618,0.02600149399743737,4.9386107964934896e-05,0.02600149399743737,4.9386107964934896e-05,0.0018993565511967213,0.18993565511967214,0.0013001362634981002,7.836232722317699e-06,0.0013001362634981002,7.836232722317699e-06,0.006027239561208615,0.6027239561208615,44.53548012232018,0.07655809080741703,44.53548012232018,0.07655809080741703,0.0017190359371257308,0.17190359371257308,g
fvdm,rural,CADC_rural,G_HEV,C1,15,80.3601388492918,1.1738389140659529,80.3601388492918,1.1738389140659529,0.014607228544830939,1.460722854483094,0.022109010604886254,3.7094857579325615e-05,0.022109010604886254,3.7094857579325615e-05,0.0016778162642487212,0.16778162642487213,0.0012501345090097217,9.408314925399334e-06,0.0012501345090097217,9.408314925399334e-06,0.007525842105464324,0.7525842105464324,25.887424537312462,0.37814352705102466,25.887424537312462,0.37814352705102466,0.014607228560183459,1.4607228560183458,g
fvdm,rural,CADC_rural,G_HEV,C2,15,80.34994256818383,1.4354604686367699e-12,80.34994256818383,1.4354604686367699e-12,1.786510883213959e-14,1.786510883213959e-12,0.02211242961489585,5.805495157760157e-18,0.02211242961489585,5.805495157760157e-18,2.625444267711466e-16,2.6254442677114663e-14,0.0012468974781894432,0.0,0.0012468974781894432,0.0,0.0,0.0,25.884139880018246,3.4530445816433014e-12,25.884139880018246,3.4530445816433014e-12,1.334038757961181e-13,1.334038757961181e-11,g
fvdm,rural,CADC_rural,G_HEV,V1,4,78.17987967375336,2.6528387914674294,78.17987967375336,2.6528387914674294,0.03393250031258418,3.3932500312584177,0.02240752046148512,0.00031408619665518496,0.02240752046148512,0.00031408619665518496,0.01401699921216397,1.401699921216397,0.001301957460246973,6.188563820950343e-05,0.001301957460246973,6.188563820950343e-05,0.047532765162514694,4.75327651625147,25.185070164968906,0.8545924016917117,25.185070164968906,0.8545924016917117,0.03393250033031094,3.3932500330310944,g
fvdm,rural,CADC_rural,G_HEV,V2,7,87.75697696106997,7.779135076122394,87.75697696106997,7.779135076122394,0.08864406393093179,8.864406393093178,0.022061917307568034,0.0002533453075851389,0.022061917307568034,0.0002533453075851389,0.011483376718950548,1.1483376718950549,0.0011790904965388639,7.443886417969792e-05,0.0011790904965388639,7.443886417969792e-05,0.06313244352168718,6.313244352168717,28.27026124197901,2.505990845012493,28.27026124197901,2.505990845012493,0.08864406393568458,8.864406393568458,g
fvdm,rural,CADC_rural,G_HEV,sens_relvel,12,80.46255747357316,1.4233752893533702,80.46255747357316,1.4233752893533702,0.017689908623906948,1.7689908623906947,0.022046433379099627,7.267020565604634e-05,0.022046433379099627,7.267020565604634e-05,0.0032962341076420492,0.3296234107642049,0.001245311642012674,1.2881882723921316e-05,0.001245311642012674,1.2881882723921316e-05,0.010344304420941254,1.0344304420941255,25.92041793921355,0.4585298240766938,25.92041793921355,0.4585298240766938,0.01768990859452963,1.768990859452963,g
fvdm,rural,CADC_rural,G_HEV,sens_vel,14,79.67841720090631,0.6877140693664474,79.67841720090631,0.6877140693664474,0.008631121118186882,0.8631121118186882,0.02207207610655513,5.347504531809291e-05,0.02207207610655513,5.347504531809291e-05,0.002422746508300209,0.24227465083002092,0.0012539616040085403,8.570941960102972e-06,0.0012539616040085403,8.570941960102972e-06,0.006835091228235565,0.6835091228235565,25.667812948585983,0.22154200215945954,25.667812948585983,0.22154200215945954,0.008631121108885286,0.8631121108885287,g
fvdm,rural,Ford_focus,B,C1,15,0.0,0.0,0.0,0.0,,,0.0,0.0,0.0,0.0,,,0.0,0.0,0.0,0.0,,,0.18667231683006122,0.0018081085941028087,0.18667231683006122,0.0018081085941028087,0.009686002856807291,0.9686002856807291,kWh
fvdm,rural,Ford_focus,B,C2,15,0.0,0.0,0.0,0.0,,,0.0,0.0,0.0,0.0,,,0.0,0.0,0.0,0.0,,,0.1868740792124191,5.551115123125783e-17,0.1868740792124191,5.551115123125783e-17,2.9705110235303685e-16,2.970511023530369e-14,kWh
fvdm,rural,Ford_focus,B,V1,4,0.0,0.0,0.0,0.0,,,0.0,0.0,0.0,0.0,,,0.0,0.0,0.0,0.0,,,0.18539366836662718,0.003405618730156571,0.18539366836662718,0.003405618730156571,0.01836966041052575,1.8369660410525748,kWh
fvdm,rural,Ford_focus,B,V2,6,0.0,0.0,0.0,0.0,,,0.0,0.0,0.0,0.0,,,0.0,0.0,0.0,0.0,,,0.18746649741492963,0.0020231939486401373,0.18746649741492963,0.0020231939486401373,0.01079229609844416,1.079229609844416,kWh
fvdm,rural,Ford_focus,B,sens_relvel,11,0.0,0.0,0.0,0.0,,,0.0,0.0,0.0,0.0,,,0.0,0.0,0.0,0.0,,,0.18618675147806946,0.001837579101830673,0.18618675147806946,0.001837579101830673,0.009869548113616008,0.9869548113616008,kWh
fvdm,rural,Ford_focus,B,sens_vel,13,0.0,0.0,0.0,0.0,,,0.0,0.0,0.0,0.0,,,0.0,0.0,0.0,0.0,,,0.18736474474505183,0.0014073216387359615,0.18736474474505183,0.0014073216387359615,0.007511133648173306,0.7511133648173306,kWh
fvdm,rural,Ford_focus,D,C1,15,161.49032775364742,4.993759185838478,161.49032775364742,4.993759185838478,0.030922961488173018,3.0922961488173017,0.36427145237341135,0.020698209672889056,0.36427145237341135,0.020698209672889056,0.056820839343928356,5.6820839343928355,0.0007761065443710682,1.1029371146637287e-05,0.0007761065443710682,1.1029371146637287e-05,0.0142111559638698,1.42111559638698,51.54486903666757,1.5939200222969578,51.54486903666757,1.5939200222969578,0.030922961918151116,3.0922961918151115,g
fvdm,rural,Ford_focus,D,C2,15,162.2585130703257,6.183778493808365e-12,162.2585130703257,6.183778493808365e-12,3.811065673409817e-14,3.811065673409817e-12,0.3638258811507694,8.95090418262362e-17,0.3638258811507694,8.95090418262362e-17,2.460216451427865e-16,2.460216451427865e-14,0.0007656791345760292,9.28455271191354e-20,0.0007656791345760292,9.28455271191354e-20,1.2125905346832483e-16,1.2125905346832484e-14,51.79006026557072,5.241401060436279e-12,51.79006026557072,5.241401060436279e-12,1.0120476851270795e-13,1.0120476851270795e-11,g
fvdm,rural,Ford_focus,D,V1,4,159.98999888130254,5.302957893446241,159.98999888130254,5.302957893446241,0.03314555866320453,3.314555866320453,0.35719412911254006,0.015267431163990243,0.35719412911254006,0.015267431163990243,0.04274267105655586,4.274267105655586,0.0007677217458482916,2.1990514444043206e-05,0.0007677217458482916,2.1990514444043206e-05,0.028643860308717527,2.864386030871753,51.065990493330276,1.6926107560792987,51.065990493330276,1.6926107560792987,0.03314555812445017,3.314555812445017,g
fvdm,rural,Ford_focus,D,V2,6,172.08906951854897,10.579132126543708,172.08906951854897,10.579132126543708,0.06147474767654209,6.1474747676542085,0.4231703943545348,0.06483237313071596,0.4231703943545348,0.06483237313071596,0.15320630647993536,15.320630647993536,0.0008141345812265719,4.475002799507991e-05,0.0008141345812265719,4.475002799507991e-05,0.054966376600364644,5.496637660036464,54.92780081000965,3.376672721521089,54.92780081000965,3.376672721521089,0.061474748155322986,6.1474748155322985,g
fvdm,rural,Ford_focus,D,sens_relvel,11,161.84610524092648,6.593570291786893,161.84610524092648,6.593570291786893,0.040739752630881094,4.073975263088109,0.3693690736476073,0.027403575565784506,0.3693690736476073,0.027403575565784506,0.0741902273928017,7.41902273928017,0.0007794008135159574,1.3692389686510764e-05,0.0007794008135159574,1.3692389686510764e-05,0.01756784115318405,1.756784115318405,51.6584269553595,2.1045515653252886,51.6584269553595,2.1045515653252886,0.04073975320897656,4.073975320897656,g
fvdm,rural,Ford_focus,D,sens_vel,13,158.93991309114122,4.524947451622964,158.93991309114122,4.524947451622964,0.028469547790857384,2.8469547790857384,0.35294202008372777,0.012320741930943277,0.35294202008372777,0.012320741930943277,0.034908685364299925,3.4908685364299927,0.0007784411101467682,1.625545741019851e-05,0.0007784411101467682,1.625545741019851e-05,0.020882064421204178,2.0882064421204176,50.73082156612312,1.4442835532241844,50.73082156612312,1.4442835532241844,0.028469547873213312,2.846954787321331,g
fvdm,rural,Ford_focus,D_HEV,C1,15,129.72663831759317,8.074388242589388,129.72663831759317,8.074388242589388,0.062241559230278465,6.224155923027847,0.3106330859567106,0.01568276214912027,0.3106330859567106,0.01568276214912027,0.05048645124462305,5.048645124462305,0.0007016674762377461,9.112506749595525e-06,0.0007016674762377461,9.112506749595525e-06,0.012986930502259639,1.298693050225964,41.406458649416095,2.5772025485963654,41.406458649416095,2.5772025485963654,0.06224155923155019,6.224155923155019,g
fvdm,rural,Ford_focus,D_HEV,C2,15,131.78181782216976,6.2382425809883855e-12,131.78181782216976,6.2382425809883855e-12,4.7337657683599814e-14,4.733765768359982e-12,0.3097115825650895,0.0,0.3097115825650895,0.0,0.0,0.0,0.0006966986910725807,1.0842021724855044e-19,0.0006966986910725807,1.0842021724855044e-19,1.5561995255314098e-16,1.55619952553141e-14,42.062435759361755,2.4714361056283473e-12,42.062435759361755,2.4714361056283473e-12,5.875637159406026e-14,5.875637159406026e-12,g
fvdm,rural,Ford_focus,D_HEV,V1,4,127.8927969569049,5.630552362862687,127.8927969569049,5.630552362862687,0.044025562790373354,4.402556279037335,0.30386260029270984,0.01309757282561616,0.30386260029270984,0.01309757282561616,0.043103602789548015,4.310360278954802,0.0006978627804797099,2.05763592194141e-05,0.0006978627804797099,2.05763592194141e-05,0.02948482107796312,2.948482107796312,40.821128778899464,1.7971731676818847,40.821128778899464,1.7971731676818847,0.04402556277696191,4.402556277696191,g
fvdm,rural,Ford_focus,D_HEV,V2,6,144.6495357720287,15.154401780874135,144.6495357720287,15.154401780874135,0.10476633540502923,10.476633540502924,0.3581217228561043,0.05220696515536119,0.3581217228561043,0.05220696515536119,0.14577994526274046,14.577994526274047,0.0007318373531780127,4.037515540915107e-05,0.0007318373531780127,4.037515540915107e-05,0.055169574542514754,5.516957454251475,46.169584746149894,4.8370182009899905,46.169584746149894,4.8370182009899905,0.10476633540424797,10.476633540424798,g
fvdm,rural,Ford_focus,D_HEV,sens_relvel,11,130.4431267618766,10.350408544822033,130.4431267618766,10.350408544822033,0.07934805613573385,7.934805613573386,0.31490281625307676,0.021236649009368287,0.31490281625307676,0.021236649009368287,0.06743873955163714,6.743873955163713,0.0007023912968246687,1.0626945892165883e-05,0.0007023912968246687,1.0626945892165883e-05,0.015129666241890504,1.5129666241890505,41.63514914502675,3.303668151900403,41.63514914502675,3.303668151900403,0.07934805614344774,7.934805614344774,g
fvdm,rural,Ford_focus,D_HEV,sens_vel,13,124.86954075892041,6.53408919223999,124.86954075892041,6.53408919223999,0.05232732620403434,5.232732620403434,0.30175408252377167,0.009317437038785946,0.30175408252377167,0.009317437038785946,0.030877584027556394,3.0877584027556395,0.0007092848276565827,1.4606023001739098e-05,0.0007092848276565827,1.4606023001739098e-05,0.020592606005680632,2.0592606005680634,39.856158635372104,2.0855662142400098,39.856158635372104,2.0855662142400098,0.05232732620622104,5.232732620622104,g
fvdm,rural,Ford_focus,G,C1,15,167.17758837065603,2.3915659183201354,167.17758837065603,2.3915659183201354,0.014305541440265907,1.4305541440265908,0.031963102989469465,0.0005752803505326193,0.031963102989469465,0.0005752803505326193,0.017998263520351908,1.7998263520351907,0.0015460498665188294,5.5800998714807375e-05,0.0015460498665188294,5.5800998714807375e-05,0.0360926254212304,3.60926254212304,53.85502389731193,0.7704252444637452,53.85502389731193,0.7704252444637452,0.014305540852284339,1.430554085228434,g
fvdm,rural,Ford_focus,G,C2,15,167.11249142881493,5.389278746303973e-12,167.11249142881493,5.389278746303973e-12,3.224940697266577e-14,3.224940697266577e-12,0.032387374195651956,1.0134903240813529e-17,0.032387374195651956,1.0134903240813529e-17,3.12927598871975e-16,3.12927598871975e-14,0.0015225366719299157,2.2395183775777384e-19,0.0015225366719299157,2.2395183775777384e-19,1.4709126018876124e-16,1.4709126018876123e-14,53.83405339240683,4.134810517938006e-12,53.83405339240683,4.134810517938006e-12,7.680659837739827e-14,7.680659837739827e-12,g
fvdm,rural,Ford_focus,G,V1,4,165.86894885236663,4.865483580865509,165.86894885236663,4.865483580865509,0.029333299659335774,2.933329965933577,0.032300136096814425,0.0007863154652465798,0.032300136096814425,0.0007863154652465798,0.024344029476833364,2.434402947683336,0.0015440375087011264,4.407008301021923e-05,0.0015440375087011264,4.407008301021923e-05,0.028542106497977383,2.8542106497977384,53.433455325126204,1.5673796113672864,53.433455325126204,1.5673796113672864,0.0293333006789522,2.93333006789522,g
fvdm,rural,Ford_focus,G,V2,6,172.76142735925092,5.516375430489517,172.76142735925092,5.516375430489517,0.03193059651572814,3.193059651572814,0.03164100523945776,0.0007981118099004538,0.03164100523945776,0.0007981118099004538,0.02522397135806458,2.522397135806458,0.001448419448848164,0.000118112039729022,0.001448419448848164,0.000118112039729022,0.08154546655870232,8.15454665587023,55.653816278744934,1.777059506438251,55.653816278744934,1.777059506438251,0.031930595694242406,3.1930595694242405,g
fvdm,rural,Ford_focus,G,sens_relvel,11,167.10268309235482,3.237593427033058,167.10268309235482,3.237593427033058,0.019374873982386596,1.9374873982386596,0.03161152379031775,0.0007367862961348648,0.03161152379031775,0.0007367862961348648,0.02330752231439517,2.330752231439517,0.001537134239647048,7.112553752891394e-05,0.001537134239647048,7.112553752891394e-05,0.04627151988055745,4.627151988055745,53.83089369606702,1.0429667358312187,53.83089369606702,1.0429667358312187,0.019374873129914608,1.9374873129914607,g
fvdm,rural,Ford_focus,G,sens_vel,13,166.57864144524052,3.210216705610189,166.57864144524052,3.210216705610189,0.019271478490629216,1.9271478490629217,0.03225118656493482,0.0007271642495362609,0.03225118656493482,0.0007271642495362609,0.022546899106244727,2.2546899106244727,0.0015930815837658934,5.493263958678607e-05,0.0015930815837658934,5.493263958678607e-05,0.034482000260734,3.4482000260734003,53.662077612359596,1.0341475816544394,53.662077612359596,1.0341475816544394,0.01927147862452966,1.9271478624529659,g
fvdm,rural,Ford_focus,G_HEV,C1,15,103.3122197317752,9.193742953929918,103.3122197317752,9.193742953929918,0.08898988888051397,8.898988888051397,0.027536720974238614,0.0005646438098789245,0.027536720974238614,0.0005646438098789245,0.020505121521446394,2.0505121521446394,0.001480329108129535,6.680608835455419e-05,0.001480329108129535,6.680608835455419e-05,0.04512921348886182,4.512921348886182,33.281267683240515,2.961696312813472,33.281267683240515,2.961696312813472,0.08898988887688604,8.898988887688605,g
fvdm,rural,Ford_focus,G_HEV,C2,15,105.79665160337011,7.511898665945025e-12,105.79665160337011,7.511898665945025e-12,7.100317970465652e-14,7.100317970465652e-12,0.027908095056306658,7.494862020830963e-18,0.027908095056306658,7.494862020830963e-18,2.6855512731017725e-16,2.6855512731017726e-14,0.0014507549536407613,6.432526809034263e-19,0.0014507549536407613,6.432526809034263e-19,4.4339168326748986e-16,4.4339168326748984e-14,34.081609041197034,4.855984078914573e-12,34.081609041197034,4.855984078914573e-12,1.4248106869146864e-13,1.4248106869146865e-11,g
fvdm,rural,Ford_focus,G_HEV,V1,4,101.63042904033631,5.183568994695654,101.63042904033631,5.183568994695654,0.051004104219990416,5.100410421999042,0.02762501810731087,0.0008029905012976716,0.02762501810731087,0.0008029905012976716,0.02906751040590858,2.906751040590858,0.0014708250212012621,4.4692631059056605e-05,0.0014708250212012621,4.4692631059056605e-05,0.03038609652054664,3.0386096520546637,32.73949124752492,1.6698484231830948,32.73949124752492,1.6698484231830948,0.051004104204256204,5.100410420425621,g
fvdm,rural,Ford_focus,G_HEV,V2,6,118.94386879738408,15.867192852668886,118.94386879738408,15.867192852668886,0.1334006789345148,13.34006789345148,0.027588386605118854,0.0002332154163784966,0.027588386605118854,0.0002332154163784966,0.008453390903809681,0.8453390903809681,0.0013998427819254674,0.00010347239900158538,0.0013998427819254674,0.00010347239900158538,0.07391715722479943,7.391715722479943,38.316887846893685,5.11149885349255,38.316887846893685,5.11149885349255,0.13340067893606172,13.340067893606172,g
fvdm,rural,Ford_focus,G_HEV,sens_relvel,11,104.2417748301366,11.713682419381545,104.2417748301366,11.713682419381545,0.11237032790806901,11.237032790806902,0.02736733976853499,0.0006484980001261184,0.02736733976853499,0.0006484980001261184,0.02369605542997332,2.369605542997332,0.001473066601103971,8.132994566102404e-05,0.001473066601103971,8.132994566102404e-05,0.055211316039663345,5.521131603966334,33.58071698461696,3.773476179281652,33.58071698461696,3.773476179281652,0.11237032791796103,11.237032791796103,g
fvdm,rural,Ford_focus,G_HEV,sens_vel,13,97.5943316271959,7.202754184861229,97.5943316271959,7.202754184861229,0.07380299721069139,7.3802997210691395,0.027443510588031104,0.0007091274646489377,0.027443510588031104,0.0007091274646489377,0.025839531803857792,2.5839531803857794,0.0015313617983654544,6.1522667261743e-05,0.0015313617983654544,6.1522667261743e-05,0.04017513518190873,4.017513518190873,31.43929230842561,2.3203140026052314,31.43929230842561,2.3203140026052314,0.07380299721261206,7.380299721261206,g
fvdm,rural,WLTC_rural,B,C1,15,0.0,0.0,0.0,0.0,,,0.0,0.0,0.0,0.0,,,0.0,0.0,0.0,0.0,,,0.17377296249986346,0.00046515313919179383,0.17377296249986346,0.00046515313919179383,0.002676786609954695,0.2676786609954695,kWh
fvdm,rural,WLTC_rural,B,C2,15,0.0,0.0,0.0,0.0,,,0.0,0.0,0.0,0.0,,,0.0,0.0,0.0,0.0,,,0.17389604906199155,6.948139602750272e-17,0.17389604906199155,6.948139602750272e-17,3.995570710334745e-16,3.995570710334745e-14,kWh
fvdm,rural,WLTC_rural,B,V1,4,0.0,0.0,0.0,0.0,,,0.0,0.0,0.0,0.0,,,0.0,0.0,0.0,0.0,,,0.17289273786861634,0.0024441624920637562,0.17289273786861634,0.0024441624920637562,0.014136871925303827,1.4136871925303827,kWh
fvdm,rural,WLTC_rural,B,V2,12,0.0,0.0,0.0,0.0,,,0.0,0.0,0.0,0.0,,,0.0,0.0,0.0,0.0,,,0.20243233991827816,0.033120245539010225,0.20243233991827816,0.033120245539010225,0.16361143457799704,16.361143457799702,kWh
fvdm,rural,WLTC_rural,B,sens_relvel,15,0.0,0.0,0.0,0.0,,,0.0,0.0,0.0,0.0,,,0.0,0.0,0.0,0.0,,,0.17401921531593656,0.0009278642206638126,0.17401921531593656,0.0009278642206638126,0.005331964168320436,0.5331964168320437,kWh
fvdm,rural,WLTC_rural,B,sens_vel,15,0.0,0.0,0.0,0.0,,,0.0,0.0,0.0,0.0,,,0.0,0.0,0.0,0.0,,,0.1737387835229377,0.0008222434795220004,0.1737387835229377,0.0008222434795220004,0.004732642089746441,0.47326420897464405,kWh
fvdm,rural,WLTC_rural,D,C1,15,145.16455141176434,2.62232731028512,145.16455141176434,2.62232731028512,0.018064515646432144,1.8064515646432144,0.32000732244041913,0.011764480968107373,0.32000732244041913,0.011764480968107373,0.036763161787642384,3.6763161787642384,0.0006990349060967457,4.100502038568216e-06,0.0006990349060967457,4.100502038568216e-06,0.005865947469582743,0.5865947469582743,46.33396869033463,0.8370007149635676,46.33396869033463,0.8370007149635676,0.0180645159182785,1.80645159182785,g
fvdm,rural,WLTC_rural,D,C2,15,146.38402791913293,1.2951069546096515e-11,146.38402791913293,1.2951069546096515e-11,8.847324213028956e-14,8.847324213028956e-12,0.3225136794836647,7.447602459741819e-17,0.3225136794836647,7.447602459741819e-17,2.3092361451660655e-16,2.3092361451660655e-14,0.0006957406401215121,2.0760891004518698e-19,0.0006957406401215121,2.0760891004518698e-19,2.983998606275577e-16,2.983998606275577e-14,46.72320412203035,1.6409281590473078e-14,46.72320412203035,1.6409281590473078e-14,3.5120197552410524e-16,3.512019755241052e-14,g
fvdm,rural,WLTC_rural,D,V1,4,143.96542131619293,3.6892861749450865,143.96542131619293,3.6892861749450865,0.025626196493686245,2.5626196493686244,0.3167816467350726,0.008717794131311768,0.3167816467350726,0.008717794131311768,0.02751988387320475,2.751988387320475,0.0007031361052631722,4.897732794758822e-06,0.0007031361052631722,4.897732794758822e-06,0.006965554404187055,0.6965554404187055,45.95122746966969,1.177555186435929,45.95122746966969,1.177555186435929,0.02562619654095594,2.562619654095594,g
fvdm,rural,WLTC_rural,D,V2,12,190.77692785371576,49.13252824040476,190.77692785371576,49.13252824040476,0.2575391521037527,25.753915210375272,0.5485502896134007,0.24043773144669772,0.5485502896134007,0.24043773144669772,0.4383148382186617,43.83148382186617,0.0009383920845170737,0.0003247555049598741,0.0009383920845170737,0.0003247555049598741,0.34607656044648283,34.60765604464828,60.892636130972214,15.682237879681152,60.892636130972214,15.682237879681152,0.25753915212260936,25.753915212260935,g
fvdm,rural,WLTC_rural,D,sens_relvel,15,144.4613979346881,3.2458584401821704,144.4613979346881,3.2458584401821704,0.02246869050547083,2.246869050547083,0.3170518127708586,0.014623425030692,0.3170518127708586,0.014623425030692,0.046123139631000065,4.612313963100006,0.0006976052598488129,3.494639791794644e-06,0.0006976052598488129,3.494639791794644e-06,0.005009480279079335,0.5009480279079336,46.10953448120135,1.0360208753236468,46.10953448120135,1.0360208753236468,0.022468690846272323,2.246869084627232,g
fvdm,rural,WLTC_rural,D,sens_vel,15,144.63660293775004,1.3642141391239537,144.63660293775004,1.3642141391239537,0.009432011755081775,0.9432011755081775,0.3151983000880564,0.005148461743908653,0.3151983000880564,0.005148461743908653,0.01633404032467921,1.633404032467921,0.0006987055897275644,7.919740827545363e-06,0.0006987055897275644,7.919740827545363e-06,0.011334875438213377,1.1334875438213377,46.16545682705821,0.4354331417620124,46.16545682705821,0.4354331417620124,0.009432011977986083,0.9432011977986083,g
fvdm,rural,WLTC_rural,D_HEV,C1,15,114.74096018726682,4.317501531035948,114.74096018726682,4.317501531035948,0.03762824996400087,3.7628249964000866,0.27397436333326747,0.009173715918189475,0.27397436333326747,0.009173715918189475,0.033483847928612205,3.3483847928612205,0.0006345878679520282,1.8412440057752157e-06,0.0006345878679520282,1.8412440057752157e-06,0.002901479997903781,0.2901479997903781,36.6232940667422,1.3780704645213857,36.6232940667422,1.3780704645213857,0.037628249987835434,3.7628249987835436,g
fvdm,rural,WLTC_rural,D_HEV,C2,15,116.76374310099791,6.721667181487293e-12,116.76374310099791,6.721667181487293e-12,5.756639007087335e-14,5.756639007087335e-12,0.27560433413634766,8.233634315563857e-17,0.27560433413634766,8.233634315563857e-17,2.9874836117383023e-16,2.9874836117383023e-14,0.0006349750154943997,1.507521943982825e-19,0.0006349750154943997,1.507521943982825e-19,2.374143717779272e-16,2.374143717779272e-14,37.2689307549291,3.174030799774101e-12,37.2689307549291,3.174030799774101e-12,8.516559867643402e-14,8.516559867643402e-12,g
fvdm,rural,WLTC_rural,D_HEV,V1,4,112.0947157527358,5.315684506606908,112.0947157527358,5.315684506606908,0.04742136568089895,4.742136568089895,0.2709007307285405,0.007365403182247796,0.2709007307285405,0.007365403182247796,0.027188568899167688,2.718856889916769,0.0006415678355454068,4.512141239307373e-06,0.0006415678355454068,4.512141239307373e-06,0.0070329916640405315,0.7032991664040531,35.778659441182185,1.6966728931295765,35.778659441182185,1.6966728931295765,0.047421365686403025,4.742136568640302,g
fvdm,rural,WLTC_rural,D_HEV,V2,12,165.18271410145073,49.311243685745914,165.18271410145073,49.311243685745914,0.2985254477381955,29.85254477381955,0.4887131868775747,0.23479915365663548,0.4887131868775747,0.23479915365663548,0.4804436629933907,48.04436629933907,0.0008352727401569971,0.00027538442549408196,0.0008352727401569971,0.00027538442549408196,0.329694017599953,32.9694017599953,52.723413709506126,15.739280683115682,52.723413709506126,15.739280683115682,0.29852544772300776,29.852544772300778,g
fvdm,rural,WLTC_rural,D_HEV,sens_relvel,15,113.69264198581283,5.594785240967595,113.69264198581283,5.594785240967595,0.04920973902309124,4.920973902309124,0.2720748978306749,0.01143512906087675,0.2720748978306749,0.01143512906087675,0.0420293424790455,4.20293424790455,0.0006343814882048016,3.254068152708199e-06,0.0006343814882048016,3.254068152708199e-06,0.005129513097736652,0.5129513097736652,36.288689356716645,1.7857569309419312,36.288689356716645,1.7857569309419312,0.049209738973706056,4.920973897370605,g
fvdm,rural,WLTC_rural,D_HEV,sens_vel,15,113.44441074275252,3.23794197106785,113.44441074275252,3.23794197106785,0.0285421022496228,2.85421022496228,0.2701641509091674,0.0038241524173245832,0.2701641509091674,0.0038241524173245832,0.014154921755737723,1.4154921755737724,0.0006378559393761565,7.600939757112961e-06,0.0006378559393761565,7.600939757112961e-06,0.011916389403768698,1.19163894037687,36.209458313074215,1.0334940620732898,36.209458313074215,1.0334940620732898,0.02854210226337808,2.8542102263378077,g
fvdm,rural,WLTC_rural,G,C1,15,152.4665963351158,1.1498579752021436,152.4665963351158,1.1498579752021436,0.007541704234511796,0.7541704234511796,0.028902265921014372,0.0002786924306826125,0.028902265921014372,0.0002786924306826125,0.009642580669773013,0.9642580669773013,0.0014371790647617914,2.7651145855727663e-05,0.0014371790647617914,2.7651145855727663e-05,0.019239875206720162,1.9239875206720163,49.11598661148367,0.370418219739539,49.11598661148367,0.370418219739539,0.007541703736292911,0.7541703736292911,g
fvdm,rural,WLTC_rural,G,C2,15,153.0344552749521,6.112962865527544e-12,153.0344552749521,6.112962865527544e-12,3.99450101256255e-14,3.99450101256255e-12,0.029303178006414146,7.809467432050823e-18,0.029303178006414146,7.809467432050823e-18,2.6650581825430044e-16,2.6650581825430043e-14,0.0014282889620109787,3.264630981819447e-19,0.0014282889620109787,3.264630981819447e-19,2.2856936296860867e-16,2.2856936296860866e-14,49.29891816758085,1.861929301775788e-14,49.29891816758085,1.861929301775788e-14,3.776815741567732e-16,3.776815741567732e-14,g
fvdm,rural,WLTC_rural,G,V1,4,152.0775991178476,2.5445768902944663,152.0775991178476,2.5445768902944663,0.016732095358256076,1.6732095358256076,0.029184719828003206,0.000416412407617161,0.029184719828003206,0.000416412407617161,0.014268165330050783,1.4268165330050784,0.0014702649061318024,2.377851392805017e-05,0.0014702649061318024,2.377851392805017e-05,0.0161729453167799,1.6172945316779899,48.990674052494256,0.8197166276086612,48.990674052494256,0.8197166276086612,0.016732095311248876,1.6732095311248876,g
fvdm,rural,WLTC_rural,G,V2,12,182.899902094687,34.49357807048347,182.899902094687,34.49357807048347,0.18859265464574276,18.859265464574275,0.03514730113684759,0.008032314593473519,0.03514730113684759,0.008032314593473519,0.2285328982216684,22.85328982216684,0.0012535242842385602,0.00012888687987877196,0.0012535242842385602,0.00012888687987877196,0.10281961147411109,10.281961147411108,58.91985092609085,11.111851072360205,58.91985092609085,11.111851072360205,0.18859265421935514,18.859265421935515,g
fvdm,rural,WLTC_rural,G,sens_relvel,15,152.23610729822562,1.169986584327638,152.23610729822562,1.169986584327638,0.007685342229854,0.7685342229854,0.02871414962022765,0.0003607141078325156,0.02871414962022765,0.0003607141078325156,0.012562242399768334,1.2562242399768335,0.0014396947151994923,4.4154908718278784e-05,0.0014396947151994923,4.4154908718278784e-05,0.03066963311882438,3.066963311882438,49.04173626949307,0.3769024933930028,49.04173626949307,0.3769024933930028,0.0076853415491216805,0.768534154912168,g
fvdm,rural,WLTC_rural,G,sens_vel,15,152.65845333405852,0.6459927674040093,152.65845333405852,0.6459927674040093,0.004231621330463765,0.4231621330463765,0.029189940781009546,0.00010994444171278189,0.029189940781009546,0.00010994444171278189,0.0037665181487558817,0.3766518148755882,0.001455849669447695,4.125058277378842e-05,0.001455849669447695,4.125058277378842e-05,0.028334369708266402,2.8334369708266403,49.1777919384381,0.20810180507865814,49.1777919384381,0.20810180507865814,0.004231621568922103,0.42316215689221026,g
fvdm,rural,WLTC_rural,G_HEV,C1,15,89.941841480443,4.979895674270334,89.941841480443,4.979895674270334,0.05536795324958034,5.536795324958034,0.024705501931655,0.0003067812439506414,0.024705501931655,0.0003067812439506414,0.012417527269808857,1.2417527269808857,0.0013794658702056424,3.256362941420108e-05,0.0013794658702056424,3.256362941420108e-05,0.02360596961296816,2.360596961296816,28.974099191819036,1.6042365701969397,28.974099191819036,1.6042365701969397,0.05536795327358798,5.536795327358798,g
fvdm,rural,WLTC_rural,G_HEV,C2,15,92.16607734774877,4.16371576277115e-12,92.16607734774877,4.16371576277115e-12,4.517622841928243e-14,4.517622841928243e-12,0.025095010355109026,5.7359657614577235e-18,0.025095010355109026,5.7359657614577235e-18,2.285699698980181e-16,2.2856996989801812e-14,0.0013656010677825829,3.312292349366928e-19,0.0013656010677825829,3.312292349366928e-19,2.425519741827177e-16,2.4255197418271772e-14,29.690620330276364,3.6466400325692615e-12,29.690620330276364,3.6466400325692615e-12,1.228212813341148e-13,1.228212813341148e-11,g
fvdm,rural,WLTC_rural,G_HEV,V1,4,86.7077146260712,5.708601409807487,86.7077146260712,5.708601409807487,0.06583729526750819,6.583729526750819,0.024760108773666745,0.0005338990770419532,0.024760108773666745,0.0005338990770419532,0.021562872842052046,2.1562872842052045,0.0014099155620441403,2.6488562004333073e-05,0.0014099155620441403,2.6488562004333073e-05,0.018787339268692884,1.8787339268692884,27.932249137115974,1.8389837345638518,27.932249137115974,1.8389837345638518,0.06583729529034726,6.583729529034726,g
fvdm,rural,WLTC_rural,G_HEV,V2,12,135.86319919307772,42.235990937716274,135.86319919307772,42.235990937716274,0.31087145885394557,31.087145885394555,0.03177051450108395,0.009298540922983371,0.03177051450108395,0.009298540922983371,0.2926783235652706,29.267832356527062,0.0012140984316588303,0.00012027897332954847,0.0012140984316588303,0.00012027897332954847,0.09906855176907738,9.906855176907738,43.76732503044534,13.606012181323777,43.76732503044534,13.606012181323777,0.31087145883051315,31.087145883051313,g
fvdm,rural,WLTC_rural,G_HEV,sens_relvel,15,88.78967208054434,6.59867818603907,88.78967208054434,6.59867818603907,0.07431808262624474,7.431808262624474,0.02451737159523135,0.0003476140973881725,0.02451737159523135,0.0003476140973881725,0.01417827747309519,1.4178277473095189,0.0013860422501290497,4.878229595356018e-05,0.0013860422501290497,4.878229595356018e-05,0.035195388848368966,3.5195388848368965,28.602936338705568,2.125715387337216,28.602936338705568,2.125715387337216,0.07431808266694258,7.431808266694258,g
fvdm,rural,WLTC_rural,G_HEV,sens_vel,15,88.2590883876227,4.043067750154532,88.2590883876227,4.043067750154532,0.04580908124042583,4.580908124042582,0.0247963711578289,0.00024011621832171318,0.0247963711578289,0.00024011621832171318,0.009683522511958443,0.9683522511958442,0.001397719911112791,4.6113895701692595e-05,0.001397719911112791,4.6113895701692595e-05,0.03299222922636849,3.299222922636849,28.43201272503352,1.3024443812012627,28.43201272503352,1.3024443812012627,0.04580908125630164,4.580908125630164,g
fvdm,urban,CADC_urban,B,C1,15,0.0,0.0,0.0,0.0,,,0.0,0.0,0.0,0.0,,,0.0,0.0,0.0,0.0,,,0.26954340660584103,0.01741945104441342,0.26954340660584103,0.01741945104441342,0.06462577313154703,6.4625773131547035,kWh
fvdm,urban,CADC_urban,B,C2,15,0.0,0.0,0.0,0.0,,,0.0,0.0,0.0,0.0,,,0.0,0.0,0.0,0.0,,,0.26062586502907326,1.1285750616986414e-16,0.26062586502907326,1.1285750616986414e-16,4.330249653359412e-16,4.330249653359412e-14,kWh
fvdm,urban,CADC_urban,B,V1,4,0.0,0.0,0.0,0.0,,,0.0,0.0,0.0,0.0,,,0.0,0.0,0.0,0.0,,,0.2577406584035096,0.02442136271909158,0.2577406584035096,0.02442136271909158,0.09475168904418006,9.475168904418005,kWh
fvdm,urban,CADC_urban,B,V2,5,0.0,0.0,0.0,0.0,,,0.0,0.0,0.0,0.0,,,0.0,0.0,0.0,0.0,,,0.26456975178812553,0.014876387625166774,0.26456975178812553,0.014876387625166774,0.05622860332529691,5.622860332529691,kWh
fvdm,urban,CADC_urban,B,sens_relvel,15,0.0,0.0,0.0,0.0,,,0.0,0.0,0.0,0.0,,,0.0,0.0,0.0,0.0,,,0.27053186684712033,0.017370153628421616,0.27053186684712033,0.017370153628421616,0.06420742159088277,6.420742159088277,kWh
fvdm,urban,CADC_urban,B,sens_vel,15,0.0,0.0,0.0,0.0,,,0.0,0.0,0.0,0.0,,,0.0,0.0,0.0,0.0,,,0.27594558550853443,0.014910146816935393,0.27594558550853443,0.014910146816935393,0.054032923880473725,5.403292388047372,kWh
fvdm,urban,CADC_urban,D,C1,15,249.67368674396212,12.167275030423152,249.67368674396212,12.167275030423152,0.04873270863701617,4.873270863701617,0.6088497855240251,0.024540268581442055,0.6088497855240251,0.024540268581442055,0.0403059492914508,4.03059492914508,0.0012836150680992457,0.00013989288440876418,0.0012836150680992457,0.00013989288440876418,0.10898351685440641,10.898351685440641,79.69144461964748,3.8835798056719826,79.69144461964748,3.8835798056719826,0.04873270680695513,4.873270680695513,g
fvdm,urban,CADC_urban,D,C2,15,238.26237151294993,1.8783121981251022e-11,238.26237151294993,1.8783121981251022e-11,7.883377413722305e-14,7.883377413722305e-12,0.5736121198411105,2.5958017834115936e-16,0.5736121198411105,2.5958017834115936e-16,4.525360768406752e-16,4.5253607684067515e-14,0.0011665557167185728,5.370176416112738e-19,0.0011665557167185728,5.370176416112738e-19,4.603446144191562e-16,4.603446144191562e-14,76.04915381229519,3.875417590888888e-12,76.04915381229519,3.875417590888888e-12,5.0959378199712895e-14,5.095937819971289e-12,g
fvdm,urban,CADC_urban,D,V1,4,234.51049791154423,35.318745792265915,234.51049791154423,35.318745792265915,0.1506062462311939,15.06062462311939,0.5554749433838988,0.10692395161501911,0.5554749433838988,0.10692395161501911,0.19249104372494086,19.249104372494084,0.0011631220939738059,0.00022954524215119444,0.0011631220939738059,0.00022954524215119444,0.19735266257986148,19.735266257986147,74.85162181530144,11.27312159154141,74.85162181530144,11.27312159154141,0.15060624363434857,15.060624363434858,g
fvdm,urban,CADC_urban,D,V2,5,261.3217383182151,18.34083987618791,261.3217383182151,18.34083987618791,0.07018489925187171,7.018489925187171,0.6924956239510335,0.11030549663603799,0.6924956239510335,0.11030549663603799,0.15928692228651212,15.928692228651212,0.0013102324219080625,0.00013706592824847067,0.0013102324219080625,0.00013706592824847067,0.10461191919588175,10.461191919588176,83.4092976897329,5.854073153729805,83.4092976897329,5.854073153729805,0.07018489923636416,7.018489923636416,g
fvdm,urban,CADC_urban,D,sens_relvel,15,245.44656053329678,12.098833731818495,245.44656053329678,12.098833731818495,0.04929314839666369,4.929314839666369,0.6039590784153455,0.027389689431346405,0.6039590784153455,0.027389689431346405,0.045350240455381295,4.53502404553813,0.0013156465414015832,0.0001449446502919288,0.0013156465414015832,0.0001449446502919288,0.11016990181687895,11.016990181687895,78.34222033588613,3.8617345944945254,78.34222033588613,3.8617345944945254,0.04929314714259618,4.929314714259618,g
fvdm,urban,CADC_urban,D,sens_vel,15,252.7645793157811,20.25260593599718,252.7645793157811,20.25260593599718,0.08012438289739725,8.012438289739725,0.6093210704529606,0.05710466105630402,0.6093210704529606,0.05710466105630402,0.09371850708174793,9.371850708174794,0.001340998037296682,0.0001850696736976923,0.001340998037296682,0.0001850696736976923,0.13800890720971842,13.800890720971843,80.67800302803094,6.464275059675781,80.67800302803094,6.464275059675781,0.08012438108352557,8.012438108352557,g
fvdm,urban,CADC_urban,D_HEV,C1,15,193.1480289639401,9.465251520631657,193.1480289639401,9.465251520631657,0.049005167546383704,4.90051675463837,0.5119279082273303,0.02002390795862335,0.5119279082273303,0.02002390795862335,0.03911470274781619,3.9114702747816192,0.0011502094232820135,0.0001383995085705548,0.0011502094232820135,0.0001383995085705548,0.1203254866193366,12.03254866193366,61.64944978360489,3.0211416155495314,61.64944978360489,3.0211416155495314,0.04900516754251676,4.900516754251676,g
fvdm,urban,CADC_urban,D_HEV,C2,15,190.61458792226446,1.7308102318300372e-11,190.61458792226446,1.7308102318300372e-11,9.080156197362439e-14,9.080156197362438e-12,0.4822283131247251,2.293266818639604e-16,0.4822283131247251,2.293266818639604e-16,4.7555623679161e-16,4.7555623679161e-14,0.001059215933605188,5.13138124274734e-19,0.001059215933605188,5.13138124274734e-19,4.844509112775498e-16,4.844509112775498e-14,60.84082001575859,7.620273423123952e-12,60.84082001575859,7.620273423123952e-12,1.2524935431754862e-13,1.2524935431754863e-11,g
fvdm,urban,CADC_urban,D_HEV,V1,4,184.81390618654007,22.42527369450263,184.81390618654007,22.42527369450263,0.12133975282069902,12.133975282069901,0.46664023999673515,0.08812641387716189,0.46664023999673515,0.08812641387716189,0.18885300992854465,18.885300992854464,0.0010529069492506912,0.00020898524789540694,0.0010529069492506912,0.00020898524789540694,0.1984840617151713,19.84840617151713,58.98934454403665,7.157752486378661,58.98934454403665,7.157752486378661,0.12133975282663576,12.133975282663576,g
fvdm,urban,CADC_urban,D_HEV,V2,5,215.09867686014223,25.4918101649522,215.09867686014223,25.4918101649522,0.1185121663092658,11.85121663092658,0.5795725689841381,0.0888798879999319,0.5795725689841381,0.0888798879999319,0.15335420058909724,15.335420058909724,0.001159661241704696,0.00012244308854658233,0.001159661241704696,0.00012244308854658233,0.10558522104833963,10.558522104833964,68.65571007170952,8.136536929655282,68.65571007170952,8.136536929655282,0.11851216630280033,11.851216630280033,g
fvdm,urban,CADC_urban,D_HEV,sens_relvel,15,183.2118988241591,19.787511436728238,183.2118988241591,19.787511436728238,0.10800341879388334,10.800341879388334,0.5097184976158619,0.02070275310727996,0.5097184976158619,0.02070275310727996,0.04061605220158625,4.061605220158625,0.001182373312746127,0.00015072342043746836,0.001182373312746127,0.00015072342043746836,0.12747532341321618,12.747532341321618,58.47801200341978,6.315825220540853,58.47801200341978,6.315825220540853,0.10800341879220357,10.800341879220356,g
fvdm,urban,CADC_urban,D_HEV,sens_vel,15,188.4372195572496,10.73604118154997,188.4372195572496,10.73604118154997,0.056974101012397,5.6974101012397,0.5119837097178871,0.046432643239014505,0.5119837097178871,0.046432643239014505,0.0906916418582923,9.06916418582923,0.0012152988834439502,0.00016634085784818573,0.0012152988834439502,0.00016634085784818573,0.13687238597373186,13.687238597373186,60.14584237216642,3.4267552983919782,60.14584237216642,3.4267552983919782,0.05697410100582067,5.697410100582067,g
fvdm,urban,CADC_urban,G,C1,15,255.64722277377683,21.022108214691592,255.64722277377683,21.022108214691592,0.08223092739518681,8.22309273951868,0.050582466096309626,0.005457591121825989,0.050582466096309626,0.005457591121825989,0.10789491978178109,10.78949197817811,0.002503893596144513,0.00046060731585542155,0.002503893596144513,0.00046060731585542155,0.18395642553048705,18.395642553048706,82.35486211386618,6.772117035128898,82.35486211386618,6.772117035128898,0.08223093162083832,8.223093162083831,g
fvdm,urban,CADC_urban,G,C2,15,239.72853905832145,6.960240078043286e-12,239.72853905832145,6.960240078043286e-12,2.903384013177501e-14,2.9033840131775013e-12,0.04841101495141663,2.5146510660669054e-17,0.04841101495141663,2.5146510660669054e-17,5.194377908809615e-16,5.1943779088096154e-14,0.002229280335623869,1.0077832699099824e-18,0.002229280335623869,1.0077832699099824e-18,4.52066639536365e-16,4.5206663953636504e-14,77.22677570606945,3.538474288117394e-14,77.22677570606945,3.538474288117394e-14,4.581926742073341e-16,4.581926742073341e-14,g
fvdm,urban,CADC_urban,G,V1,4,238.31983767099427,39.20940547756423,238.31983767099427,39.20940547756423,0.16452430423225475,16.452430423225476,0.04834000962037417,0.007456662343148077,0.04834000962037417,0.007456662343148077,0.15425446543571372,15.425446543571372,0.002251227203466923,0.0005390485563006342,0.002251227203466923,0.0005390485563006342,0.23944653630272922,23.94465363027292,76.77297298364918,12.631020356833725,76.77297298364918,12.631020356833725,0.16452430934938303,16.452430934938302,g
fvdm,urban,CADC_urban,G,V2,5,256.47838328439263,18.850987199716524,256.47838328439263,18.850987199716524,0.07349932169064657,7.349932169064657,0.0479207578574853,0.005564579535636887,0.0479207578574853,0.005564579535636887,0.11612044100357839,11.612044100357839,0.0022320445302678707,0.00047463811311629334,0.0022320445302678707,0.00047463811311629334,0.21264724188066775,21.264724188066776,82.62261410260558,6.072706344314594,82.62261410260558,6.072706344314594,0.07349932473418419,7.349932473418419,g
fvdm,urban,CADC_urban,G,sens_relvel,15,255.55741652588227,20.429368834578487,255.55741652588227,20.429368834578487,0.07994042635232794,7.994042635232794,0.05013860262776019,0.0057744295653522695,0.05013860262776019,0.0057744295653522695,0.11516933585530657,11.516933585530657,0.002637534585691543,0.0005551421445317471,0.002637534585691543,0.0005551421445317471,0.21047767393965483,21.047767393965483,82.32593175614073,6.581170465150769,82.32593175614073,6.581170465150769,0.07994043097677879,7.994043097677879,g
fvdm,urban,CADC_urban,G,sens_vel,15,263.9065281574638,27.69281099588531,263.9065281574638,27.69281099588531,0.10493416433928446,10.493416433928445,0.05339147332791323,0.005354299582755128,0.05339147332791323,0.005354299582755128,0.10028379531448298,10.028379531448298,0.002734625783006785,0.0005154108338683667,0.002734625783006785,0.0005154108338683667,0.18847581891137605,18.847581891137605,85.01553641862822,8.9210345899735,85.01553641862822,8.9210345899735,0.10493416810364045,10.493416810364046,g
fvdm,urban,CADC_urban,G_HEV,C1,15,152.8782513929395,15.58340780146159,152.8782513929395,15.58340780146159,0.10193345135409687,10.193345135409688,0.04382788781576007,0.003022840659857224,0.04382788781576007,0.003022840659857224,0.06897071272438188,6.897071272438188,0.002382767568882425,0.00047163095348812966,0.002382767568882425,0.00047163095348812966,0.19793409967776918,19.793409967776917,49.24859828496666,5.020079598572203,49.24859828496666,5.020079598572203,0.10193345137509434,10.193345137509434,g
fvdm,urban,CADC_urban,G_HEV,C2,15,154.8916004072706,1.454539490805085e-11,154.8916004072706,1.454539490805085e-11,9.390693149147739e-14,9.39069314914774e-12,0.042414493125453645,2.1349553160936317e-17,0.042414493125453645,2.1349553160936317e-17,5.03355140842744e-16,5.03355140842744e-14,0.0021002380128059975,9.69739903612216e-19,0.0021002380128059975,9.69739903612216e-19,4.617285744279082e-16,4.6172857442790817e-14,49.89718378439432,3.9087321217252154e-12,49.89718378439432,3.9087321217252154e-12,7.833572609257554e-14,7.833572609257555e-12,g
fvdm,urban,CADC_urban,G_HEV,V1,4,148.91158004361554,13.675240310836715,148.91158004361554,13.675240310836715,0.09183463305426816,9.183463305426816,0.04177875980349794,0.006254061371663803,0.04177875980349794,0.006254061371663803,0.14969475879799043,14.969475879799043,0.002120749918171927,0.0005247703052599673,0.002120749918171927,0.0005247703052599673,0.24744563268087547,24.744563268087546,47.97076444282686,4.405377550579682,47.97076444282686,4.405377550579682,0.09183463306760842,9.183463306760842,g
fvdm,urban,CADC_urban,G_HEV,V2,5,178.02478146616443,29.40155107800633,178.02478146616443,29.40155107800633,0.1651542601870539,16.51542601870539,0.04254305672372216,0.00308420002619822,0.04254305672372216,0.00308420002619822,0.07249596676203238,7.249596676203238,0.0021421269940507088,0.00045491600612961334,0.0021421269940507088,0.00045491600612961334,0.212366497127875,21.2366497127875,57.349367011985656,9.471492282212688,57.349367011985656,9.471492282212688,0.16515426020714763,16.515426020714763,g
fvdm,urban,CADC_urban,G_HEV,sens_relvel,15,140.70478720997022,27.705389199497436,140.70478720997022,27.705389199497436,0.19690438220949355,19.690438220949353,0.0432088157354574,0.003208943194686478,0.0432088157354574,0.003208943194686478,0.07426593717201097,7.426593717201096,0.002534479596952352,0.0005712810275388635,0.002534479596952352,0.0005712810275388635,0.22540367980307063,22.540367980307064,45.32700681106295,8.925086274328118,45.32700681106295,8.925086274328118,0.19690438222692822,19.690438222692823,g
fvdm,urban,CADC_urban,G_HEV,sens_vel,15,144.4551887688675,12.50816286153709,144.4551887688675,12.50816286153709,0.0865885328740286,8.65885328740286,0.045350961423675853,0.0037309772137780798,0.045350961423675853,0.0037309772137780798,0.08226897725326483,8.226897725326483,0.0026062184572138514,0.000517565044301253,0.0026062184572138514,0.000517565044301253,0.19858851159182953,19.85885115918295,46.53517094255097,4.029412177860326,46.53517094255097,4.029412177860326,0.08658853285044882,8.658853285044882,g
fvdm,urban,FTP,B,V1,1,0.0,0.0,0.0,0.0,,,0.0,0.0,0.0,0.0,,,0.0,0.0,0.0,0.0,,,0.18414968416485133,0.0,0.18414968416485133,0.0,0.0,0.0,kWh
fvdm,urban,FTP,B,sens_relvel,3,0.0,0.0,0.0,0.0,,,0.0,0.0,0.0,0.0,,,0.0,0.0,0.0,0.0,,,0.18954608792668082,0.00039329902797860473,0.18954608792668082,0.00039329902797860473,0.002074951966989361,0.20749519669893612,kWh
fvdm,urban,FTP,B,sens_vel,7,0.0,0.0,0.0,0.0,,,0.0,0.0,0.0,0.0,,,0.0,0.0,0.0,0.0,,,0.19449934135953934,0.0008189453317487174,0.19449934135953934,0.0008189453317487174,0.004210530102695136,0.4210530102695136,kWh
fvdm,urban,FTP,D,V1,1,154.42866985085354,0.0,154.42866985085354,0.0,0.0,0.0,0.34420790036038995,0.0,0.34420790036038995,0.0,0.0,0.0,0.0007701267181494853,0.0,0.0007701267181494853,0.0,0.0,0.0,49.29091222997294,0.0,49.29091222997294,0.0,0.0,0.0,g
fvdm,urban,FTP,D,sens_relvel,3,167.09396570309363,0.8187371753386254,167.09396570309363,0.8187371753386254,0.0048998608171968655,0.48998608171968655,0.39774373358879833,0.003204122666622736,0.39774373358879833,0.003204122666622736,0.00805574644184155,0.805574644184155,0.0007904052737425756,1.2637034195676354e-06,0.0007904052737425756,1.2637034195676354e-06,0.0015988043875061577,0.15988043875061578,53.33345167840785,0.2613264894288452,53.33345167840785,0.2613264894288452,0.004899860804145998,0.4899860804145998,g
fvdm,urban,FTP,D,sens_vel,7,166.93495848834021,1.9889265277416295,166.93495848834021,1.9889265277416295,0.011914379982192577,1.1914379982192576,0.37577204199456105,0.006610571416424234,0.37577204199456105,0.006610571416424234,0.017591972466434624,1.7591972466434624,0.00084490686992408,6.093319041578066e-06,0.00084490686992408,6.093319041578066e-06,0.007211823289027804,0.7211823289027804,53.282699268977794,0.6348303253112489,53.282699268977794,0.6348303253112489,0.011914379977383377,1.1914379977383376,g
fvdm,urban,FTP,D_HEV,V1,1,118.66900431440274,0.0,118.66900431440274,0.0,0.0,0.0,0.29267426534272245,0.0,0.29267426534272245,0.0,0.0,0.0,0.0007002217102365382,0.0,0.0007002217102365382,0.0,0.0,0.0,37.877056581459165,0.0,37.877056581459165,0.0,0.0,0.0,g
fvdm,urban,FTP,D_HEV,sens_relvel,3,138.94336613598205,1.0435119784742362,138.94336613598205,1.0435119784742362,0.0075103404177855075,0.7510340417785507,0.33789777697641893,0.0030662017724709814,0.33789777697641893,0.0030662017724709814,0.009074347277179524,0.9074347277179524,0.0007020289701584094,3.871101942048828e-06,0.0007020289701584094,3.871101942048828e-06,0.005514162672197605,0.5514162672197606,44.34827588523782,0.33307065017024684,44.34827588523782,0.33307065017024684,0.0075103404477808765,0.7510340447780877,g
fvdm,urban,FTP,D_HEV,sens_vel,7,127.62444717816652,2.4283435097033723,127.62444717816652,2.4283435097033723,0.019027259771894265,1.9027259771894265,0.3201609525172735,0.00495886971849342,0.3201609525172735,0.00495886971849342,0.015488677427725594,1.5488677427725595,0.0007681857812439841,5.366652609926028e-06,0.0007681857812439841,5.366652609926028e-06,0.006986138953568474,0.6986138953568475,40.73547625504823,0.7750844889079581,40.73547625504823,0.7750844889079581,0.019027259778554916,1.9027259778554917,g
fvdm,urban,FTP,G,V1,1,162.48877805443664,0.0,162.48877805443664,0.0,0.0,0.0,0.03188178974890139,0.0,0.03188178974890139,0.0,0.0,0.0,0.0015923494372691853,0.0,0.0015923494372691853,0.0,0.0,0.0,52.34455822393787,0.0,52.34455822393787,0.0,0.0,0.0,g
fvdm,urban,FTP,G,sens_relvel,3,168.65203639636619,0.41015412830820847,168.65203639636619,0.41015412830820847,0.0024319547932659634,0.24319547932659635,0.030901390441180312,5.703133234106025e-05,0.030901390441180312,5.703133234106025e-05,0.0018455911377068077,0.18455911377068077,0.0014629626262648119,7.50989914893235e-06,0.0014629626262648119,7.50989914893235e-06,0.005133349966776921,0.5133349966776921,54.33000624260439,0.13212812139031183,54.33000624260439,0.13212812139031183,0.002431954835423889,0.2431954835423889,g
fvdm,urban,FTP,G,sens_vel,7,176.4474907268374,1.365549720026364,176.4474907268374,1.365549720026364,0.007739128022740796,0.7739128022740795,0.034360645286522676,0.00033677831042512986,0.034360645286522676,0.00033677831042512986,0.009801280145260395,0.9801280145260395,0.0017593782844818992,1.9075076030732426e-06,0.0017593782844818992,1.9075076030732426e-06,0.0010841941269241961,0.10841941269241961,56.84125445150631,0.4399017448908667,56.84125445150631,0.4399017448908667,0.00773912801777036,0.773912801777036,g
fvdm,urban,FTP,G_HEV,V1,1,91.75149575959739,0.0,91.75149575959739,0.0,0.0,0.0,0.026972153675230315,0.0,0.026972153675230315,0.0,0.0,0.0,0.0015178843316580233,0.0,0.0015178843316580233,0.0,0.0,0.0,29.557065936245962,0.0,29.557065936245962,0.0,0.0,0.0,g
fvdm,urban,FTP,G_HEV,sens_relvel,3,114.40500878062691,1.131875044885469,114.40500878062691,1.131875044885469,0.009893579459058948,0.9893579459058949,0.027450568177894718,3.575491446908667e-05,0.027450568177894718,3.575491446908667e-05,0.0013025200147907773,0.13025200147907773,0.0013951461078676453,3.418145512331475e-06,0.0013951461078676453,3.418145512331475e-06,0.0024500269133501734,0.24500269133501734,36.85472766774635,0.3646251811683809,36.85472766774635,0.3646251811683809,0.009893579582396016,0.9893579582396016,g
fvdm,urban,FTP,G_HEV,sens_vel,7,97.62067650662574,2.44820738572164,97.62067650662574,2.44820738572164,0.02507877914117379,2.507877914117379,0.029037265578514014,0.00033296865783872696,0.029037265578514014,0.00033296865783872696,0.011466942606507189,1.1466942606507189,0.0016922616599323451,4.94679630460875e-06,0.0016922616599323451,4.94679630460875e-06,0.002923186420713755,0.2923186420713755,31.447779117514,0.7886719070035717,31.447779117514,0.7886719070035717,0.02507877914228741,2.507877914228741,g
fvdm,urban,WLTC_urban,B,C1,15,0.0,0.0,0.0,0.0,,,0.0,0.0,0.0,0.0,,,0.0,0.0,0.0,0.0,,,0.2609112167639754,0.012256364903348976,0.2609112167639754,0.012256364903348976,0.04697523186378103,4.6975231863781035,kWh
fvdm,urban,WLTC_urban,B,C2,15,0.0,0.0,0.0,0.0,,,0.0,0.0,0.0,0.0,,,0.0,0.0,0.0,0.0,,,0.2561725856762854,3.726558580289357e-16,0.2561725856762854,3.726558580289357e-16,1.4547062365988112e-15,1.4547062365988112e-13,kWh
fvdm,urban,WLTC_urban,B,V1,4,0.0,0.0,0.0,0.0,,,0.0,0.0,0.0,0.0,,,0.0,0.0,0.0,0.0,,,0.2494195799831061,0.02011245057973766,0.2494195799831061,0.02011245057973766,0.08063701567094265,8.063701567094265,kWh
fvdm,urban,WLTC_urban,B,V2,5,0.0,0.0,0.0,0.0,,,0.0,0.0,0.0,0.0,,,0.0,0.0,0.0,0.0,,,0.2547164028532688,0.012090186968172382,0.2547164028532688,0.012090186968172382,0.047465286227118327,4.746528622711833,kWh
fvdm,urban,WLTC_urban,B,sens_relvel,15,0.0,0.0,0.0,0.0,,,0.0,0.0,0.0,0.0,,,0.0,0.0,0.0,0.0,,,0.25905620456136325,0.013776865827453159,0.25905620456136325,0.013776865827453159,0.05318099155656317,5.318099155656316,kWh
fvdm,urban,WLTC_urban,B,sens_vel,15,0.0,0.0,0.0,0.0,,,0.0,0.0,0.0,0.0,,,0.0,0.0,0.0,0.0,,,0.2643971487887156,0.010721704898621558,0.2643971487887156,0.010721704898621558,0.040551514824350314,4.055151482435031,kWh
fvdm,urban,WLTC_urban,D,C1,15,236.26682454027826,8.832528228429048,236.26682454027826,8.832528228429048,0.03738370059196905,3.738370059196905,0.569322246413406,0.01739248792848778,0.569322246413406,0.01739248792848778,0.03054946129025573,3.054946129025573,0.0012289217624749831,0.00010542167162689798,0.0012289217624749831,0.00010542167162689798,0.0857838756265365,8.57838756265365,75.41221024909393,2.8191873745133647,75.41221024909393,2.8191873745133647,0.03738369907474283,3.738369907474283,g
fvdm,urban,WLTC_urban,D,C2,15,228.6274268348319,1.9149901586935307e-11,228.6274268348319,1.9149901586935307e-11,8.376029880601261e-14,8.376029880601261e-12,0.5449846375471665,8.203639191033914e-16,0.5449846375471665,8.203639191033914e-16,1.505297328738724e-15,1.5052973287387238e-13,0.0011572958867688374,1.7660629502319e-18,0.0011572958867688374,1.7660629502319e-18,1.5260254273976002e-15,1.5260254273976002e-13,72.97384907038891,6.57322108120306e-12,72.97384907038891,6.57322108120306e-12,9.007639263844616e-14,9.007639263844616e-12,g
fvdm,urban,WLTC_urban,D,V1,4,219.2945461778409,30.216479165261465,219.2945461778409,30.216479165261465,0.13778946942326992,13.778946942326991,0.5150567200724946,0.0896024831030692,0.5150567200724946,0.0896024831030692,0.17396624412638978,17.396624412638978,0.0011161273473705526,0.00018860975603490556,0.0011161273473705526,0.00018860975603490556,0.16898587466676185,16.898587466676183,69.99495791888788,9.644567955935033,69.99495791888788,9.644567955935033,0.137789467165784,13.7789467165784,g
fvdm,urban,WLTC_urban,D,V2,5,239.47576669760892,9.104619557833638,239.47576669760892,9.104619557833638,0.03801895984461022,3.801895984461022,0.6126943774744162,0.05817248799515223,0.6126943774744162,0.05817248799515223,0.09494535960154342,9.494535960154343,0.001208915446600929,9.8759034101571e-05,0.001208915446600929,9.8759034101571e-05,0.08169225927193567,8.169225927193567,76.43644818552278,2.9060342008701525,76.43644818552278,2.9060342008701525,0.03801895914651567,3.8018959146515674,g
fvdm,urban,WLTC_urban,D,sens_relvel,15,230.15659616099057,10.1825740892836,230.15659616099057,10.1825740892836,0.044241939006436574,4.424193900643657,0.5604070266934621,0.022909220988870344,0.5604070266934621,0.022909220988870344,0.040879610528869216,4.0879610528869215,0.0012388339461816681,0.00012142781319344348,0.0012388339461816681,0.00012142781319344348,0.09801782843270325,9.801782843270326,73.46193293464255,3.250098289342237,73.46193293464255,3.250098289342237,0.04424193809648022,4.424193809648022,g
fvdm,urban,WLTC_urban,D,sens_vel,15,236.70651846491776,14.901804466596966,236.70651846491776,14.901804466596966,0.0629547701653411,6.295477016534109,0.5647456378148105,0.042716532503976244,0.5647456378148105,0.042716532503976244,0.07563853466714816,7.563853466714816,0.0012664671441993513,0.00014453642345603685,0.0012664671441993513,0.00014453642345603685,0.11412567954726645,11.412567954726645,75.55255275255143,4.756393471952066,75.55255275255143,4.756393471952066,0.06295476855070845,6.295476855070844,g
fvdm,urban,WLTC_urban,D_HEV,C1,15,180.15725152545147,7.9834331779915235,180.15725152545147,7.9834331779915235,0.0443136932340671,4.43136932340671,0.4805736219735881,0.013907801012838939,0.4805736219735881,0.013907801012838939,0.028940000817613123,2.8940000817613125,0.0011061042072781724,0.00010494457493648171,0.0011061042072781724,0.00010494457493648171,0.09487765641423816,9.487765641423817,57.50302237438965,2.5481712936941774,57.50302237438965,2.5481712936941774,0.04431369323691526,4.431369323691526,g
fvdm,urban,WLTC_urban,D_HEV,C2,15,177.79091759886376,6.4896789751019335e-12,177.79091759886376,6.4896789751019335e-12,3.650174633635733e-14,3.650174633635733e-12,0.4600540734294217,6.945182318256768e-16,0.4600540734294217,6.945182318256768e-16,1.5096447829457704e-15,1.5096447829457705e-13,0.001051869756270775,1.656146174683464e-18,0.001051869756270775,1.656146174683464e-18,1.5744783656058789e-15,1.574478365605879e-13,56.747730253951126,5.123267705014416e-12,56.747730253951126,5.123267705014416e-12,9.028145587651415e-14,9.028145587651414e-12,g
fvdm,urban,WLTC_urban,D_HEV,V1,4,168.700021158916,20.334808324594306,168.700021158916,20.334808324594306,0.1205382677779207,12.05382677779207,0.43536153860911475,0.07363281065401524,0.43536153860911475,0.07363281065401524,0.16913026099929732,16.91302609992973,0.0010136412496770237,0.00017111550360325562,0.0010136412496770237,0.00017111550360325562,0.16881268758328266,16.881268758328265,53.846076187036175,6.490512750711757,53.846076187036175,6.490512750711757,0.12053826778699231,12.05382677869923,g
fvdm,urban,WLTC_urban,D_HEV,V2,5,193.3309389636339,14.835671076629076,193.3309389636339,14.835671076629076,0.07673718007141996,7.6737180071419955,0.5159627937124094,0.047033832840476214,0.5159627937124094,0.047033832840476214,0.09115741176231446,9.115741176231445,0.001078524782308496,9.489636126733454e-05,0.001078524782308496,9.489636126733454e-05,0.08798718659409613,8.798718659409612,61.70783143512523,4.735284969731004,61.70783143512523,4.735284969731004,0.0767371800240511,7.67371800240511,g
fvdm,urban,WLTC_urban,D_HEV,sens_relvel,15,170.2869652200308,18.695898627601984,170.2869652200308,18.695898627601984,0.10979054446971137,10.979054446971137,0.47454022246206934,0.01731636334230841,0.47454022246206934,0.01731636334230841,0.036490823164505366,3.649082316450537,0.001117306084607473,0.00012648993733255841,0.001117306084607473,0.00012648993733255841,0.11320974536444622,11.320974536444622,54.352600787458236,5.967401633005523,54.352600787458236,5.967401633005523,0.10979054445509608,10.979054445509608,g
fvdm,urban,WLTC_urban,D_HEV,sens_vel,15,174.61164020256567,7.973494295786581,174.61164020256567,7.973494295786581,0.04566416240370109,4.566416240370109,0.47690428794981093,0.03506892059836864,0.47690428794981093,0.03506892059836864,0.07353450468883029,7.353450468883029,0.0011508000013101289,0.00013076648538069217,0.0011508000013101289,0.00013076648538069217,0.11363093954798488,11.363093954798488,55.73296089083582,2.54499897769968,55.73296089083582,2.54499897769968,0.0456641624098273,4.56641624098273,g
fvdm,urban,WLTC_urban,G,C1,15,244.40126579731083,15.877846031667076,244.40126579731083,15.877846031667076,0.06496630031709837,6.496630031709836,0.0483513120490366,0.004178189695652367,0.0483513120490366,0.004178189695652367,0.08641316064835965,8.641316064835964,0.0024424617463728424,0.0003603485837813982,0.0024424617463728424,0.0003603485837813982,0.14753499591816777,14.753499591816777,78.73206028813111,5.114930951802646,78.73206028813111,5.114930951802646,0.06496630385492051,6.496630385492051,g
fvdm,urban,WLTC_urban,G,C2,15,234.20048552077293,1.4045190976801937e-11,234.20048552077293,1.4045190976801937e-11,5.997080213378194e-14,5.997080213378194e-12,0.04720893347519944,7.575797802392804e-17,0.04720893347519944,7.575797802392804e-17,1.6047381808302543e-15,1.6047381808302543e-13,0.0022816059563181006,3.5480643785599705e-18,0.0022816059563181006,3.5480643785599705e-18,1.5550732451126634e-15,1.5550732451126634e-13,75.44595425631367,1.0781802100964033e-11,75.44595425631367,1.0781802100964033e-11,1.4290762450077647e-13,1.4290762450077647e-11,g
fvdm,urban,WLTC_urban,G,V1,4,225.87484050163198,33.250391730598764,225.87484050163198,33.250391730598764,0.14720715090160086,14.720715090160086,0.045598342171249785,0.00638764313636256,0.045598342171249785,0.00638764313636256,0.14008498625614582,14.008498625614582,0.00221044119994571,0.0004390875836784914,0.00221044119994571,0.0004390875836784914,0.19864250797047925,19.864250797047927,72.76390923521122,10.711368086782423,72.76390923521122,10.711368086782423,0.14720715529669592,14.720715529669592,g
fvdm,urban,WLTC_urban,G,V2,5,238.8364839559046,15.440068314921295,238.8364839559046,15.440068314921295,0.06464702569382963,6.464702569382963,0.045374444276014524,0.005142702776621131,0.045374444276014524,0.005142702776621131,0.11333919034551405,11.333919034551405,0.002158670026755489,0.00043415046992768087,0.002158670026755489,0.00043415046992768087,0.2011194228606653,20.11194228606653,76.93940675394,4.973904116730338,76.93940675394,4.973904116730338,0.06464702974169513,6.464702974169513,g
fvdm,urban,WLTC_urban,G,sens_relvel,15,241.30688725663967,16.895628708331298,241.30688725663967,16.895628708331298,0.07001718392878738,7.001718392878738,0.04725538000785546,0.004772657744335707,0.04725538000785546,0.004772657744335707,0.10099712971395698,10.099712971395698,0.002514775045304308,0.00048654656028545326,0.002514775045304308,0.00048654656028545326,0.1934751822807981,19.34751822807981,77.73522913834309,5.442802153745865,77.73522913834309,5.442802153745865,0.07001718801213631,7.001718801213632,g
fvdm,urban,WLTC_urban,G,sens_vel,15,249.27003867284188,21.25704223995354,249.27003867284188,21.25704223995354,0.08527716509023638,8.527716509023637,0.05015610947825812,0.004027343895077194,0.05015610947825812,0.004027343895077194,0.08029617801243105,8.029617801243106,0.0026187817286040843,0.00041686703908896293,0.0026187817286040843,0.00041686703908896293,0.15918357552890433,15.918357552890432,80.30049957838231,6.847799224324656,80.30049957838231,6.847799224324656,0.08527716838972382,8.527716838972383,g
fvdm,urban,WLTC_urban,G_HEV,C1,15,140.52118915936987,12.9652311128248,140.52118915936987,12.9652311128248,0.09226531023816266,9.226531023816266,0.04165560616716627,0.002281184248613817,0.04165560616716627,0.002281184248613817,0.0547629589030417,5.476295890304169,0.00233786781899152,0.00036792860673836143,0.00233786781899152,0.00036792860673836143,0.1573778482040417,15.737784820404169,45.26786205670614,4.176653336593271,45.26786205670614,4.176653336593271,0.0922653102406573,9.22653102406573,g
fvdm,urban,WLTC_urban,G_HEV,C2,15,140.91076518449432,3.778726571341321e-12,140.91076518449432,3.778726571341321e-12,2.681645058412562e-14,2.681645058412562e-12,0.04089415396496861,6.162217030974729e-17,0.04089415396496861,6.162217030974729e-17,1.5068699150136483e-15,1.5068699150136483e-13,0.0021721617782287637,3.379744138006669e-18,0.0021721617782287637,3.379744138006669e-18,1.555935737329196e-15,1.555935737329196e-13,45.393361087515146,1.963033842011738e-11,45.393361087515146,1.963033842011738e-11,4.324495465817456e-13,4.324495465817456e-11,g
fvdm,urban,WLTC_urban,G_HEV,V1,4,132.96797390502087,13.296413019789458,132.96797390502087,13.296413019789458,0.09999710929856762,9.99971092985676,0.039195071670069546,0.0053749579913286855,0.039195071670069546,0.0053749579913286855,0.13713351608521623,13.713351608521624,0.0021049915668584513,0.0004244064284369005,0.0021049915668584513,0.0004244064284369005,0.20161906352446657,20.161906352446657,42.834649612064965,4.283341140294617,42.834649612064965,4.283341140294617,0.09999710932824242,9.999710932824241,g
fvdm,urban,WLTC_urban,G_HEV,V2,5,157.51644645020923,19.856912860295036,157.51644645020923,19.856912860295036,0.12606247352445057,12.606247352445058,0.039948392991231416,0.0030162415923881344,0.039948392991231416,0.0030162415923881344,0.07550345249307508,7.550345249307508,0.00207563151182501,0.0004141887163058817,0.00207563151182501,0.0004141887163058817,0.19954828877198152,19.954828877198153,50.742758527261046,6.3967576537536495,50.742758527261046,6.3967576537536495,0.12606247353141148,12.606247353141148,g
fvdm,urban,WLTC_urban,G_HEV,sens_relvel,15,129.55316138714608,25.590687331998936,129.55316138714608,25.590687331998936,0.19753039646424234,19.753039646424234,0.04064661809428552,0.0026693435100896665,0.04064661809428552,0.0026693435100896665,0.06567197063966676,6.567197063966676,0.002425174344662779,0.0004993943128816274,0.002425174344662779,0.0004993943128816274,0.20592099449702378,20.592099449702378,41.734593008092475,8.243850703127775,41.734593008092475,8.243850703127775,0.19753039646341503,19.753039646341502,g
fvdm,urban,WLTC_urban,G_HEV,sens_vel,15,132.2203503069325,10.3796037412623,132.2203503069325,10.3796037412623,0.07850231615002827,7.850231615002827,0.04258124074706136,0.002823742825018164,0.04258124074706136,0.002823742825018164,0.06631424485236584,6.631424485236584,0.002512762269363149,0.00042201797143268143,0.002512762269363149,0.00042201797143268143,0.16794982023494026,16.794982023494025,42.5938081964141,3.343712597745019,42.5938081964141,3.343712597745019,0.07850231616590977,7.850231616590977,g
idm,highway,CADC_highway,B,acc_exp,15,0.0,0.0,0.0,0.0,,,0.0,0.0,0.0,0.0,,,0.0,0.0,0.0,0.0,,,0.23730758693121762,0.009028259312206629,0.23730758693121762,0.009028259312206629,0.03804454559989868,3.804454559989868,kWh
idm,highway,CADC_highway,B,des_dec,15,0.0,0.0,0.0,0.0,,,0.0,0.0,0.0,0.0,,,0.0,0.0,0.0,0.0,,,0.23915604530080908,0.005762839888163338,0.23915604530080908,0.005762839888163338,0.024096567916210822,2.409656791621082,kWh
idm,highway,CADC_highway,B,des_vel,9,0.0,0.0,0.0,0.0,,,0.0,0.0,0.0,0.0,,,0.0,0.0,0.0,0.0,,,0.22520127231800208,0.02747794977169568,0.22520127231800208,0.02747794977169568,0.12201507340018325,12.201507340018324,kWh
idm,highway,CADC_highway,B,jam_dis_0,15,0.0,0.0,0.0,0.0,,,0.0,0.0,0.0,0.0,,,0.0,0.0,0.0,0.0,,,0.23369980522371978,0.0002652586571108485,0.23369980522371978,0.0002652586571108485,0.0011350401291816124,0.11350401291816124,kWh
idm,highway,CADC_highway,B,max_acc,15,0.0,0.0,0.0,0.0,,,0.0,0.0,0.0,0.0,,,0.0,0.0,0.0,0.0,,,0.2345827770088344,0.007475408388010169,0.2345827770088344,0.007475408388010169,0.03186682536258254,3.186682536258254,kWh
idm,highway,CADC_highway,B,safe_head,15,0.0,0.0,0.0,0.0,,,0.0,0.0,0.0,0.0,,,0.0,0.0,0.0,0.0,,,0.2332427088055625,0.014871884155939477,0.2332427088055625,0.014871884155939477,0.06376141073004381,6.376141073004381,kWh
idm,highway,CADC_highway,D,acc_exp,15,155.79473754993296,4.414909937395695,155.79473754993296,4.414909937395695,0.028337991429143717,2.833799142914372,0.3281183090082042,0.015607792735462435,0.3281183090082042,0.015607792735462435,0.04756757641059335,4.756757641059335,0.0005934488232256459,2.0489941259043682e-05,0.0005934488232256459,2.0489941259043682e-05,0.034526888346786445,3.4526888346786446,49.72693690493925,1.4091615120251515,49.72693690493925,1.4091615120251515,0.028337991433475627,2.8337991433475627,g
idm,highway,CADC_highway,D,des_dec,15,158.56369085131894,4.636896780211658,158.56369085131894,4.636896780211658,0.029243118366609894,2.9243118366609893,0.3335828213054897,0.013460864912112578,0.3335828213054897,0.013460864912112578,0.04035239242666317,4.035239242666317,0.0006008871041853315,1.844760748783906e-05,0.0006008871041853315,1.844760748783906e-05,0.030700621396842737,3.0700621396842735,50.61073804228559,1.4800158043350862,50.61073804228559,1.4800158043350862,0.029243118389194873,2.924311838919487,g
idm,highway,CADC_highway,D,des_vel,9,150.50563710022456,11.836259430026251,150.50563710022456,11.836259430026251,0.07864329641117868,7.864329641117868,0.315043552599819,0.04087285206124237,0.315043552599819,0.04087285206124237,0.1297371481623708,12.97371481623708,0.0005829790221495768,5.979531579840034e-05,0.0005829790221495768,5.979531579840034e-05,0.10256855483053465,10.256855483053466,48.038749174727144,3.7779255908857605,48.038749174727144,3.7779255908857605,0.07864329641774481,7.864329641774481,g
idm,highway,CADC_highway,D,jam_dis_0,15,153.6898021521344,0.14516405633290755,153.6898021521344,0.14516405633290755,0.0009445262750043273,0.09445262750043272,0.32019561927831436,0.0009028416603867826,0.32019561927831436,0.0009028416603867826,0.0028196565038012956,0.28196565038012955,0.000581674615902775,3.861464815705255e-07,0.000581674615902775,3.861464815705255e-07,0.0006638530735456206,0.06638530735456206,49.05507859080764,0.04633381134798132,49.05507859080764,0.04633381134798132,0.000944526289203902,0.0944526289203902,g
idm,highway,CADC_highway,D,max_acc,15,154.10551575431904,3.4684168536241016,154.10551575431904,3.4684168536241016,0.022506766462230886,2.2506766462230887,0.3213009787216354,0.012025732679144585,0.3213009787216354,0.012025732679144585,0.03742824789078307,3.742824789078307,0.0005863635078014272,1.9853320552622418e-05,0.0005863635078014272,1.9853320552622418e-05,0.03385838355982032,3.385838355982032,49.18776705288514,1.1070575889151197,49.18776705288514,1.1070575889151197,0.02250676652438494,2.250676652438494,g
idm,highway,CADC_highway,D,safe_head,15,153.86782556158056,7.526876853681425,153.86782556158056,7.526876853681425,0.04891780868553991,4.891780868553991,0.32299242586209936,0.030143174269225484,0.32299242586209936,0.030143174269225484,0.09332470936050687,9.332470936050687,0.0005884621674507712,4.425817938101703e-05,0.0005884621674507712,4.425817938101703e-05,0.07520989764345304,7.520989764345304,49.11190053138167,2.402446557202906,49.11190053138167,2.402446557202906,0.04891780874307202,4.891780874307202,g
idm,highway,CADC_highway,D_HEV,acc_exp,15,151.86491531360286,5.605671316600958,151.86491531360286,5.605671316600958,0.0369122210026271,3.6912221002627104,0.2805879607034977,0.012440810021324513,0.2805879607034977,0.012440810021324513,0.044338360028465154,4.433836002846515,0.0005165134171977174,1.3161940055504686e-05,0.0005165134171977174,1.3161940055504686e-05,0.025482281035240556,2.5482281035240555,48.472606843222636,1.789231576385534,48.472606843222636,1.789231576385534,0.036912221002937486,3.6912221002937486,g
idm,highway,CADC_highway,D_HEV,des_dec,15,154.8838691583293,5.078705688456935,154.8838691583293,5.078705688456935,0.03279041075133042,3.279041075133042,0.28567183729245704,0.011497307024239888,0.28567183729245704,0.011497307024239888,0.04024655399429346,4.024655399429346,0.0005244928139561276,1.589315540844396e-05,0.0005244928139561276,1.589315540844396e-05,0.030301950733253282,3.030195073325328,49.436203750854766,1.6210334270637585,49.436203750854766,1.6210334270637585,0.03279041075308559,3.2790410753085593,g
idm,highway,CADC_highway,D_HEV,des_vel,9,144.81657536178628,15.205242050415029,144.81657536178628,15.205242050415029,0.10499655866345903,10.499655866345902,0.2692116159760889,0.0322448229631402,0.2692116159760889,0.0322448229631402,0.11977500616468255,11.977500616468255,0.0005105545306571288,3.984461886142764e-05,0.0005105545306571288,3.984461886142764e-05,0.07804184757726877,7.804184757726877,46.22290084181557,4.85324551977616,46.22290084181557,4.85324551977616,0.10499655866223066,10.499655866223065,g
idm,highway,CADC_highway,D_HEV,jam_dis_0,15,149.6028724808255,0.24296986408956572,149.6028724808255,0.24296986408956572,0.0016240989231052832,0.16240989231052833,0.27437956403537134,0.0007138276867534462,0.27437956403537134,0.0007138276867534462,0.002601606607485621,0.2601606607485621,0.0005084050332226491,5.27908175356555e-07,0.0005084050332226491,5.27908175356555e-07,0.0010383614261453716,0.10383614261453716,47.75060260229429,0.07755170213678823,47.75060260229429,0.07755170213678823,0.0016240989204408926,0.16240989204408926,g
idm,highway,CADC_highway,D_HEV,max_acc,15,149.60623905667288,4.179731454094654,149.60623905667288,4.179731454094654,0.027938216216446123,2.793821621644612,0.27488068396040793,0.008734503131893093,0.27488068396040793,0.008734503131893093,0.03177561626393201,3.1775616263932007,0.0005111164606377015,1.0743928726168371e-05,0.0005111164606377015,1.0743928726168371e-05,0.02102051010598164,2.102051010598164,47.751677154044884,1.3340966812115498,47.751677154044884,1.3340966812115498,0.02793821622029757,2.793821622029757,g
idm,highway,CADC_highway,D_HEV,safe_head,15,149.00387279530125,9.063543144843404,149.00387279530125,9.063543144843404,0.0608275675981572,6.08275675981572,0.2764534092403032,0.02375062284222011,0.2764534092403032,0.02375062284222011,0.08591184643910546,8.591184643910546,0.0005139931741868363,2.8720446791530737e-05,0.0005139931741868363,2.8720446791530737e-05,0.05587709766178892,5.587709766178892,47.5594124503972,2.892923375718402,47.5594124503972,2.892923375718402,0.060827567597384,6.0827567597384,g
idm,highway,CADC_highway,G,acc_exp,15,150.58698082671495,2.769975281382066,150.58698082671495,2.769975281382066,0.01839452033751551,1.839452033751551,0.03212436171319424,0.001070402644329985,0.03212436171319424,0.001070402644329985,0.03332058871352906,3.3320588713529062,0.0009136936244927053,8.208612510256543e-06,0.0009136936244927053,8.208612510256543e-06,0.008983987947616547,0.8983987947616546,48.51048240962164,0.892327054944996,48.51048240962164,0.892327054944996,0.018394520330888536,1.8394520330888535,g
idm,highway,CADC_highway,G,des_dec,15,152.8172733076254,3.5437749485576107,152.8172733076254,3.5437749485576107,0.023189622952006828,2.3189622952006825,0.03270368930209663,0.0010082284592917267,0.03270368930209663,0.0010082284592917267,0.030829196363087067,3.0829196363087066,0.0009236008846846961,1.6954191748080075e-05,0.0009236008846846961,1.6954191748080075e-05,0.01835662138182987,1.835662138182987,49.22895463891986,1.14160089448384,49.22895463891986,1.14160089448384,0.02318962291312404,2.3189622913124044,g
idm,highway,CADC_highway,G,des_vel,9,147.82624559581822,7.644049740153291,147.82624559581822,7.644049740153291,0.05170969275005067,5.170969275005067,0.030612159901081976,0.003144697142223755,0.030612159901081976,0.003144697142223755,0.10272705854096256,10.272705854096257,0.0009337009144771915,2.954297230013107e-05,0.0009337009144771915,2.954297230013107e-05,0.031640723321635714,3.1640723321635713,47.621131968171966,2.462474101853014,47.621131968171966,2.462474101853014,0.051709692736804994,5.170969273680499,g
idm,highway,CADC_highway,G,jam_dis_0,15,149.0123645207755,0.05845657708078713,149.0123645207755,0.05845657708078713,0.000392293466846082,0.0392293466846082,0.03165575019173776,3.070811003758291e-05,0.03165575019173776,3.070811003758291e-05,0.0009700642016564124,0.09700642016564123,0.0009063286710831003,1.6566426052653147e-06,0.0009063286710831003,1.6566426052653147e-06,0.0018278607508747991,0.1827860750874799,48.00323140888505,0.01883135344067556,48.00323140888505,0.01883135344067556,0.00039229345375257414,0.039229345375257414,g
idm,highway,CADC_highway,G,max_acc,15,149.74625646019373,2.523540341163112,149.74625646019373,2.523540341163112,0.016852109700878776,1.6852109700878777,0.0317691371086252,0.0008805106661160683,0.0317691371086252,0.0008805106661160683,0.02771591381614872,2.771591381614872,0.0009144321133470666,4.029306285879026e-06,0.0009144321133470666,4.029306285879026e-06,0.004406348188200308,0.4406348188200308,48.239649269835894,0.812939855270184,48.239649269835894,0.812939855270184,0.01685210957324503,1.6852109573245029,g
idm,highway,CADC_highway,G,safe_head,15,149.79839932339456,5.366794238701147,149.79839932339456,5.366794238701147,0.03582677961140934,3.5826779611409343,0.031506809946038515,0.0015345175797976736,0.031506809946038515,0.0015345175797976736,0.048704314477594865,4.870431447759486,0.0009234018426945713,1.2267393057481388e-05,0.0009234018426945713,1.2267393057481388e-05,0.013284999542218814,1.3284999542218814,48.256446702434566,1.7288730751909909,48.256446702434566,1.7288730751909909,0.035826779494391746,3.5826779494391747,g
idm,highway,CADC_highway,G_HEV,acc_exp,15,143.28289470851166,6.358773300781388,143.28289470851166,6.358773300781388,0.0443791515638862,4.43791515638862,0.028087355650730086,0.001119729140990364,0.028087355650730086,0.001119729140990364,0.039865950889586804,3.9865950889586803,0.0008589805669494497,8.205813920904692e-06,0.0008589805669494497,8.205813920904692e-06,0.009552968060786872,0.9552968060786873,46.15752507860523,2.0484318012820233,46.15752507860523,2.0484318012820233,0.044379151563988535,4.437915156398853,g
idm,highway,CADC_highway,G_HEV,des_dec,15,146.14826429215285,5.100277695816097,146.14826429215285,5.100277695816097,0.03489796967838466,3.4897969678384664,0.028575332968142787,0.000970358348212405,0.028575332968142787,0.000970358348212405,0.03395790170823938,3.3957901708239384,0.0008655075805106346,1.3750428268028842e-05,0.0008655075805106346,1.3750428268028842e-05,0.015887126326399506,1.5887126326399506,47.080582703014585,1.6430167474931,47.080582703014585,1.6430167474931,0.03489796967589139,3.489796967589139,g
idm,highway,CADC_highway,G_HEV,des_vel,9,134.62287718279595,17.294706723242232,134.62287718279595,17.294706723242232,0.12846781383047426,12.846781383047427,0.026664888535625583,0.0030720441791686442,0.026664888535625583,0.0030720441791686442,0.11520933886763653,11.520933886763652,0.0008667868381880081,2.281146232094737e-05,0.0008667868381880081,2.281146232094737e-05,0.026317268924657473,2.6317268924657475,43.36776446577906,5.571361891764637,43.36776446577906,5.571361891764637,0.12846781383349667,12.846781383349667,g
idm,highway,CADC_highway,G_HEV,jam_dis_0,15,140.9029979389958,0.2917424955235201,140.9029979389958,0.2917424955235201,0.002070520143580128,0.2070520143580128,0.027591336000665094,3.3900811004408084e-05,0.027591336000665094,3.3900811004408084e-05,0.0012286759511605707,0.12286759511605708,0.0008516791668979191,2.4640267136633033e-06,0.0008516791668979191,2.4640267136633033e-06,0.002893139587572696,0.2893139587572696,45.39085893151973,0.09398268772119066,45.39085893151973,0.09398268772119066,0.0020705201428988253,0.20705201428988254,g
idm,highway,CADC_highway,G_HEV,max_acc,15,140.90288713086542,4.870919860053745,140.90288713086542,4.870919860053745,0.03456934033956177,3.456934033956177,0.027694596647061857,0.0008973863449919234,0.027694596647061857,0.0008973863449919234,0.032402939693549494,3.2402939693549495,0.0008608517673394034,4.540145453796317e-06,0.0008608517673394034,4.540145453796317e-06,0.005274015371808255,0.5274015371808255,45.39082323547266,1.5691308167895381,45.39082323547266,1.5691308167895381,0.03456934034109502,3.456934034109502,g
idm,highway,CADC_highway,G_HEV,safe_head,15,139.95422831347338,10.06896185843543,139.95422831347338,10.06896185843543,0.07194467776909667,7.194467776909668,0.027459557777411474,0.0016562961914858548,0.027459557777411474,0.0016562961914858548,0.060317657149174544,6.031765714917454,0.000866843812924156,8.970578724124963e-06,0.000866843812924156,8.970578724124963e-06,0.010348552519356609,1.0348552519356609,45.085219811924034,3.243641611235091,45.085219811924034,3.243641611235091,0.07194467776282684,7.194467776282684,g
idm,highway,HWFET,B,acc_exp,15,0.0,0.0,0.0,0.0,,,0.0,0.0,0.0,0.0,,,0.0,0.0,0.0,0.0,,,0.19107816823501966,0.004423641240101943,0.19107816823501966,0.004423641240101943,0.023150950634302787,2.3150950634302787,kWh
idm,highway,HWFET,B,des_dec,15,0.0,0.0,0.0,0.0,,,0.0,0.0,0.0,0.0,,,0.0,0.0,0.0,0.0,,,0.2033226402576683,0.015140242611482379,0.2033226402576683,0.015140242611482379,0.07446412555087488,7.446412555087488,kWh
idm,highway,HWFET,B,des_vel,9,0.0,0.0,0.0,0.0,,,0.0,0.0,0.0,0.0,,,0.0,0.0,0.0,0.0,,,0.18640369384937508,0.005780807141924689,0.18640369384937508,0.005780807141924689,0.031012299287351643,3.1012299287351643,kWh
idm,highway,HWFET,B,jam_dis_0,15,0.0,0.0,0.0,0.0,,,0.0,0.0,0.0,0.0,,,0.0,0.0,0.0,0.0,,,0.1898029851657624,0.00116393860782144,0.1898029851657624,0.00116393860782144,0.0061323514316960126,0.6132351431696013,kWh
idm,highway,HWFET,B,max_acc,15,0.0,0.0,0.0,0.0,,,0.0,0.0,0.0,0.0,,,0.0,0.0,0.0,0.0,,,0.19002087197832757,0.012270858846805968,0.19002087197832757,0.012270858846805968,0.0645763737375413,6.45763737375413,kWh
idm,highway,HWFET,B,safe_head,15,0.0,0.0,0.0,0.0,,,0.0,0.0,0.0,0.0,,,0.0,0.0,0.0,0.0,,,0.19122309397580203,0.010938776526194257,0.19122309397580203,0.010938776526194257,0.057204264917805815,5.720426491780581,kWh
idm,highway,HWFET,D,acc_exp,15,137.1271652403824,1.7819717832577335,137.1271652403824,1.7819717832577335,0.01299503114597284,1.299503114597284,0.27825941344191835,0.008505307267274855,0.27825941344191835,0.008505307267274855,0.030566107942472845,3.0566107942472844,0.0005362795523829238,8.090628987979057e-06,0.0005362795523829238,8.090628987979057e-06,0.015086588612280417,1.5086588612280416,43.76857653344113,0.5687740154613108,43.76857653344113,0.5687740154613108,0.01299503115041318,1.299503115041318,g
idm,highway,HWFET,D,des_dec,15,148.45939072311504,13.08193060929987,148.45939072311504,13.08193060929987,0.08811790581640197,8.811790581640198,0.30697574717875825,0.03842424798849523,0.30697574717875825,0.03842424798849523,0.12517030528186973,12.517030528186973,0.0005773621214314153,5.2839286229821834e-05,0.0005773621214314153,5.2839286229821834e-05,0.09151844963230515,9.151844963230516,47.38562336515545,4.175521898188623,47.38562336515545,4.175521898188623,0.08811790584692511,8.811790584692512,g
idm,highway,HWFET,D,des_vel,9,135.33768490956743,2.780424002698106,135.33768490956743,2.780424002698106,0.020544344352838487,2.0544344352838486,0.2705830359934351,0.008234415046697087,0.2705830359934351,0.008234415046697087,0.03043211861551022,3.043211861551022,0.0005290461699746176,8.463746082773883e-06,0.0005290461699746176,8.463746082773883e-06,0.01599812372364392,1.5998123723643918,43.19740592130077,0.8874623829542138,43.19740592130077,0.8874623829542138,0.02054434436574821,2.054434436574821,g
idm,highway,HWFET,D,jam_dis_0,15,137.36468477868655,0.5316422522585977,137.36468477868655,0.5316422522585977,0.0038702979089213995,0.38702979089213996,0.27552669621021214,0.0023993433202723615,0.27552669621021214,0.0023993433202723615,0.00870820633090955,0.8708206330909549,0.0005334334684385812,2.1842163765694593e-06,0.0005334334684385812,2.1842163765694593e-06,0.004094636924381409,0.40946369243814085,43.84438858763554,0.16969084637932105,43.84438858763554,0.16969084637932105,0.0038702979296916275,0.38702979296916273,g
idm,highway,HWFET,D,max_acc,15,136.50739678981196,6.032820436528614,136.50739678981196,6.032820436528614,0.044194091883663154,4.419409188366315,0.27298168293482306,0.01737224558533354,0.27298168293482306,0.01737224558533354,0.0636388690939433,6.3638869093943295,0.0005320182331422181,2.4003517144553496e-05,0.0005320182331422181,2.4003517144553496e-05,0.04511784681284959,4.511784681284959,43.570757358757504,1.9255700612752515,43.570757358757504,1.9255700612752515,0.04419409204711062,4.419409204711062,g
idm,highway,HWFET,D,safe_head,15,137.04059121813268,5.142035163237,137.04059121813268,5.142035163237,0.03752198613221267,3.752198613221267,0.2780986510370175,0.02186110555468722,0.2780986510370175,0.02186110555468722,0.07860917510087924,7.860917510087924,0.000537870831869215,2.5430582290493338e-05,0.000537870831869215,2.5430582290493338e-05,0.04728009176871831,4.728009176871831,43.74094363458393,1.6412470850863028,43.74094363458393,1.6412470850863028,0.03752198623782421,3.752198623782421,g
idm,highway,HWFET,D_HEV,acc_exp,15,126.90060294805608,2.5736181319889666,126.90060294805608,2.5736181319889666,0.020280582378654415,2.0280582378654417,0.2398998289201388,0.007330131743610856,0.2398998289201388,0.007330131743610856,0.03055496861588431,3.055496861588431,0.0004827728892102851,6.612783330156536e-06,0.0004827728892102851,6.612783330156536e-06,0.013697503480308636,1.3697503480308637,40.50443792193891,0.8214535901931651,40.50443792193891,0.8214535901931651,0.020280582383991837,2.0280582383991836,g
idm,highway,HWFET,D_HEV,des_dec,15,140.39509001277244,15.055008346819353,140.39509001277244,15.055008346819353,0.10723315427519384,10.723315427519383,0.2645110610310449,0.03264481671261917,0.2645110610310449,0.03264481671261917,0.12341569605963565,12.341569605963565,0.0005168480951157338,4.553187107067923e-05,0.0005168480951157338,4.553187107067923e-05,0.0880952672573624,8.80952672573624,44.811640574889495,4.805293566726306,44.811640574889495,4.805293566726306,0.1072331542670407,10.72331542670407,g
idm,highway,HWFET,D_HEV,des_vel,9,124.40979395956609,4.010851208434714,124.40979395956609,4.010851208434714,0.0322390310343112,3.22390310343112,0.23314296390954167,0.007146801596586646,0.23314296390954167,0.007146801596586646,0.03065415947684173,3.065415947684173,0.00047659132248675806,6.5569701016554975e-06,0.00047659132248675806,6.5569701016554975e-06,0.013758055995318045,1.3758055995318046,39.70941555220528,1.2801930797615355,39.70941555220528,1.2801930797615355,0.03223903101969577,3.2239031019695767,g
idm,highway,HWFET,D_HEV,jam_dis_0,15,127.27479387305026,0.6831862453196056,127.27479387305026,0.6831862453196056,0.00536780476738424,0.536780476738424,0.23753563192374444,0.001972465463125906,0.23753563192374444,0.001972465463125906,0.008303871916610485,0.8303871916610485,0.00048017359017463217,2.0814001936805815e-06,0.00048017359017463217,2.0814001936805815e-06,0.004334682781957263,0.4334682781957263,40.623873076343685,0.21806101951553075,40.623873076343685,0.21806101951553075,0.005367804766072717,0.5367804766072717,g
idm,highway,HWFET,D_HEV,max_acc,15,126.03459065597893,7.457412650782533,126.03459065597893,7.457412650782533,0.05916957092468458,5.916957092468458,0.23524772337217958,0.014396746232034944,0.23524772337217958,0.014396746232034944,0.06119823828967819,6.119823828967819,0.00047841061431679575,1.7189081508722844e-05,0.00047841061431679575,1.7189081508722844e-05,0.035929557150963444,3.5929557150963443,40.22802204750906,2.380274803831865,40.22802204750906,2.380274803831865,0.059169570927965945,5.916957092796594,g
idm,highway,HWFET,D_HEV,safe_head,15,126.4455250514422,6.610878157917524,126.4455250514422,6.610878157917524,0.05228242087039459,5.228242087039459,0.23976765966817434,0.01856204364538487,0.23976765966817434,0.01856204364538487,0.07741679453798628,7.7416794537986275,0.00048366376408633604,1.9387351998474177e-05,0.00048366376408633604,1.9387351998474177e-05,0.04008435909003399,4.008435909003398,40.35918507050441,2.110075899807534,40.35918507050441,2.110075899807534,0.052282420869534225,5.228242086953423,g
idm,highway,HWFET,G,acc_exp,15,138.92637885641668,0.6648965356984745,138.92637885641668,0.6648965356984745,0.004785963192675302,0.47859631926753016,0.02694897222619203,0.000448284527229143,0.02694897222619203,0.000448284527229143,0.01663456860122665,1.6634568601226651,0.0009517314064572996,6.875554152318672e-06,0.0009517314064572996,6.875554152318672e-06,0.007224258972299819,0.7224258972299819,44.754105703808406,0.21419150185013033,44.754105703808406,0.21419150185013033,0.004785963175483661,0.4785963175483661,g
idm,highway,HWFET,G,des_dec,15,146.7141997971284,9.149537641007973,146.7141997971284,9.149537641007973,0.06236299999359063,6.236299999359063,0.02940438258846045,0.0027751337296960965,0.02940438258846045,0.0027751337296960965,0.09437823499090162,9.437823499090161,0.0009723569838926576,4.217559329136584e-05,0.0009723569838926576,4.217559329136584e-05,0.043374598002601246,4.337459800260125,47.26289463168036,2.9474558947948126,47.26289463168036,2.9474558947948126,0.062362999933972096,6.23629999339721,g
idm,highway,HWFET,G,des_vel,9,138.30678501401428,1.2298338304431622,138.30678501401428,1.2298338304431622,0.008892071566254297,0.8892071566254297,0.026480782526332167,0.0007364789881087612,0.026480782526332167,0.0007364789881087612,0.02781182872433681,2.781182872433681,0.0009479674402243683,6.937288608982142e-06,0.0009479674402243683,6.937288608982142e-06,0.007318066332890294,0.7318066332890294,44.554508129379144,0.3961818744911076,44.554508129379144,0.3961818744911076,0.00889207155739794,0.889207155739794,g
idm,highway,HWFET,G,jam_dis_0,15,139.37956938462796,0.3108691994181062,139.37956938462796,0.3108691994181062,0.0022303785324536357,0.22303785324536357,0.026966785993768273,0.0001358501572195135,0.026966785993768273,0.0001358501572195135,0.00503768440372935,0.503768440372935,0.000944823642620411,1.4500412853185668e-06,0.000944823642620411,1.4500412853185668e-06,0.001534721634713718,0.1534721634713718,44.90009768134677,0.10014421245824212,44.90009768134677,0.10014421245824212,0.0022303784987052684,0.22303784987052683,g
idm,highway,HWFET,G,max_acc,15,138.97081467673038,3.885472701155031,138.97081467673038,3.885472701155031,0.027958911446214787,2.7958911446214785,0.026846373581407828,0.0015446679316121225,0.026846373581407828,0.0015446679316121225,0.05753730301517766,5.753730301517766,0.0009481354452756476,3.6779504615564595e-06,0.0009481354452756476,3.6779504615564595e-06,0.003879140348441655,0.3879140348441655,44.76842037115811,1.2516762867333127,44.76842037115811,1.2516762867333127,0.027958911133252773,2.7958911133252773,g
idm,highway,HWFET,G,safe_head,15,139.36575062492594,2.971484248086025,139.36575062492594,2.971484248086025,0.021321481316332585,2.1321481316332584,0.02676761031693929,0.0009262881442889925,0.02676761031693929,0.0009262881442889925,0.03460481280627473,3.4604812806274734,0.0009539902352883125,7.808117055373751e-06,0.0009539902352883125,7.808117055373751e-06,0.008184692847525847,0.8184692847525846,44.89564606144995,0.9572416682217442,44.89564606144995,0.9572416682217442,0.02132148108330015,2.132148108330015,g
idm,highway,HWFET,G_HEV,acc_exp,15,113.24001812027296,2.9081862294839698,113.24001812027296,2.9081862294839698,0.025681612187620512,2.568161218762051,0.02321731455540994,0.0004663230131534259,0.02321731455540994,0.0004663230131534259,0.020085139995002846,2.0085139995002845,0.0009018061265654375,7.9148829276014e-06,0.0009018061265654375,7.9148829276014e-06,0.008776701215975909,0.8776701215975908,36.47943452666622,0.9368506900698876,36.47943452666622,0.9368506900698876,0.025681612180283555,2.5681612180283553,g
idm,highway,HWFET,G_HEV,des_dec,15,126.34882968380657,14.473417126727549,126.34882968380657,14.473417126727549,0.1145512559391955,11.45512559391955,0.025456853239552046,0.002627089361687642,0.025456853239552046,0.002627089361687642,0.10319772585269733,10.319772585269734,0.0009131340575369822,2.8199172518309926e-05,0.0009131340575369822,2.8199172518309926e-05,0.030881744345810747,3.0881744345810747,40.70234124356469,4.6625043094387415,40.70234124356469,4.6625043094387415,0.11455125594712355,11.455125594712355,g
idm,highway,HWFET,G_HEV,des_vel,9,110.514833256103,4.442656047132407,110.514833256103,4.442656047132407,0.04019963579764138,4.019963579764138,0.022769105769432404,0.0006447744017060257,0.022769105769432404,0.0006447744017060257,0.0283179501309901,2.83179501309901,0.000902361176127592,1.0544013812972599e-05,0.000902361176127592,1.0544013812972599e-05,0.011684915189083553,1.1684915189083553,35.601536372769615,1.4311687961877892,35.601536372769615,1.4311687961877892,0.04019963580230321,4.01996358023032,g
idm,highway,HWFET,G_HEV,jam_dis_0,15,113.60619157997084,0.7883441076664861,113.60619157997084,0.7883441076664861,0.006939270621632861,0.693927062163286,0.023178141449869863,0.0001316614636530056,0.023178141449869863,0.0001316614636530056,0.005680415055614601,0.56804150556146,0.0008956391524703027,1.1290615225432288e-06,0.0008956391524703027,1.1290615225432288e-06,0.0012606209983441583,0.12606209983441583,36.59739459887512,0.2539592252119308,36.59739459887512,0.2539592252119308,0.006939270622825611,0.6939270622825612,g
idm,highway,HWFET,G_HEV,max_acc,15,112.3800299245226,8.279057100534265,112.3800299245226,8.279057100534265,0.07367018060143514,7.367018060143514,0.02306830844070756,0.0014519165361476134,0.02306830844070756,0.0014519165361476134,0.06293987874661346,6.293987874661346,0.0009010522174770657,5.3855134246502595e-06,0.0009010522174770657,5.3855134246502595e-06,0.005976916010183767,0.5976916010183767,36.20239568814905,2.6670370286230876,36.20239568814905,2.6670370286230876,0.07367018060343859,7.3670180603438595,g
idm,highway,HWFET,G_HEV,safe_head,15,112.77767172467621,7.29769057610696,112.77767172467621,7.29769057610696,0.06470864723934708,6.4708647239347075,0.02307779467787076,0.000998080535801685,0.02307779467787076,0.000998080535801685,0.04324852308174584,4.324852308174584,0.0009065281539874255,8.210985427622182e-06,0.0009065281539874255,8.210985427622182e-06,0.009057617671889843,0.9057617671889843,36.33049305373297,2.3508970590589255,36.33049305373297,2.3508970590589255,0.06470864723971506,6.4708647239715065,g
idm,highway,WLTC_highway,B,acc_exp,15,0.0,0.0,0.0,0.0,,,0.0,0.0,0.0,0.0,,,0.0,0.0,0.0,0.0,,,0.19882480793742488,0.009826744898204585,0.19882480793742488,0.009826744898204585,0.0494241387689272,4.9424138768927195,kWh
idm,highway,WLTC_highway,B,des_dec,15,0.0,0.0,0.0,0.0,,,0.0,0.0,0.0,0.0,,,0.0,0.0,0.0,0.0,,,0.21779825875899422,0.021284606753149173,0.21779825875899422,0.021284606753149173,0.09772624847612654,9.772624847612654,kWh
idm,highway,WLTC_highway,B,des_vel,9,0.0,0.0,0.0,0.0,,,0.0,0.0,0.0,0.0,,,0.0,0.0,0.0,0.0,,,0.19084478313170272,0.01260540035934806,0.19084478313170272,0.01260540035934806,0.0660505367372239,6.60505367372239,kWh
idm,highway,WLTC_highway,B,jam_dis_0,15,0.0,0.0,0.0,0.0,,,0.0,0.0,0.0,0.0,,,0.0,0.0,0.0,0.0,,,0.19417414713307207,0.0018574169580456584,0.19417414713307207,0.0018574169580456584,0.009565727391982451,0.9565727391982451,kWh
idm,highway,WLTC_highway,B,max_acc,15,0.0,0.0,0.0,0.0,,,0.0,0.0,0.0,0.0,,,0.0,0.0,0.0,0.0,,,0.19647823883623586,0.017144001481342687,0.19647823883623586,0.017144001481342687,0.08725648999547564,8.725648999547564,kWh
idm,highway,WLTC_highway,B,safe_head,15,0.0,0.0,0.0,0.0,,,0.0,0.0,0.0,0.0,,,0.0,0.0,0.0,0.0,,,0.19858606738582782,0.02222180123119729,0.19858606738582782,0.02222180123119729,0.11190010217596544,11.190010217596544,kWh
idm,highway,WLTC_highway,D,acc_exp,15,144.8455937586942,4.615617149775126,144.8455937586942,4.615617149775126,0.031865775340494805,3.1865775340494804,0.3009442731260813,0.0166202901302246,0.3009442731260813,0.0166202901302246,0.05522713543467728,5.522713543467727,0.0005818721092363698,1.673871017975625e-05,0.0005818721092363698,1.673871017975625e-05,0.028766991773713977,2.876699177371398,46.232163015598566,1.473223723372001,46.232163015598566,1.473223723372001,0.03186577540996601,3.186577540996601,g
idm,highway,WLTC_highway,D,des_dec,15,167.29010067031876,20.84860745827605,167.29010067031876,20.84860745827605,0.12462547021453904,12.462547021453904,0.3571751510289791,0.05739984332406001,0.3571751510289791,0.05739984332406001,0.16070502989555094,16.070502989555095,0.0006638039475827331,8.12233548785116e-05,0.0006638039475827331,8.12233548785116e-05,0.12236045774402139,12.23604577440214,53.39605440862898,6.654508390217604,53.39605440862898,6.654508390217604,0.12462547025089205,12.462547025089204,g
idm,highway,WLTC_highway,D,des_vel,9,140.93256631128028,6.4713693236480205,140.93256631128028,6.4713693236480205,0.045918196858450666,4.591819685845067,0.28765887342536106,0.01929358439140897,0.28765887342536106,0.01929358439140897,0.06707105594090107,6.707105594090107,0.0005682878211153014,2.4078561427318266e-05,0.0005682878211153014,2.4078561427318266e-05,0.0423703632783517,4.2370363278351695,44.98319355657843,2.0655471395096803,44.98319355657843,2.0655471395096803,0.045918196913069344,4.5918196913069345,g
idm,highway,WLTC_highway,D,jam_dis_0,15,142.8349239032048,0.9843518265455368,142.8349239032048,0.9843518265455368,0.006891534644654582,0.6891534644654582,0.2919271262632332,0.004691932666757124,0.2919271262632332,0.004691932666757124,0.016072273676021348,1.607227367602135,0.0005698804267757479,4.65003672627168e-06,0.0005698804267757479,4.65003672627168e-06,0.008159670884961808,0.8159670884961808,45.590392602332216,0.3141877720249475,45.590392602332216,0.3141877720249475,0.006891534687263803,0.6891534687263803,g
idm,highway,WLTC_highway,D,max_acc,15,144.23299825788297,10.815101379651875,144.23299825788297,10.815101379651875,0.0749835440591403,7.49835440591403,0.2956634837101289,0.030695090740550136,0.2956634837101289,0.030695090740550136,0.10381765903375431,10.381765903375431,0.0005811126651321277,4.428884706106163e-05,0.0005811126651321277,4.428884706106163e-05,0.07621387334759201,7.621387334759201,46.03663331659089,3.451989934160268,46.03663331659089,3.451989934160268,0.07498354430961884,7.498354430961884,g
idm,highway,WLTC_highway,D,safe_head,15,144.54315323616404,12.091483974313126,144.54315323616404,12.091483974313126,0.08365310776469136,8.365310776469135,0.3044353956539627,0.047340682808292636,0.3044353956539627,0.047340682808292636,0.15550321507983436,15.550321507983437,0.0005916375240199537,5.6756447058873946e-05,0.0005916375240199537,5.6756447058873946e-05,0.09593111449935647,9.593111449935646,46.135629329642775,3.8593887855911473,46.135629329642775,3.8593887855911473,0.08365310805701824,8.365310805701824,g
idm,highway,WLTC_highway,D_HEV,acc_exp,15,134.24187534342002,7.016097568737459,134.24187534342002,7.016097568737459,0.05226459739771029,5.2264597397710295,0.2600564492311273,0.014544963688338878,0.2600564492311273,0.014544963688338878,0.055930024928595105,5.593002492859511,0.0005222418687801576,1.2982659090565682e-05,0.0005222418687801576,1.2982659090565682e-05,0.024859475784448925,2.4859475784448923,42.84764280127128,2.239414800267887,42.84764280127128,2.239414800267887,0.05226459739347538,5.226459739347538,g
idm,highway,WLTC_highway,D_HEV,des_dec,15,159.45411684793436,23.537414181229924,159.45411684793436,23.537414181229924,0.14761245834547318,14.761245834547317,0.307426700171377,0.04852273478719289,0.307426700171377,0.04852273478719289,0.15783513520505402,15.783513520505402,0.0005915922606182204,6.958514079309344e-05,0.0005915922606182204,6.958514079309344e-05,0.11762348060533484,11.762348060533483,50.894946338062226,7.512728146426269,50.894946338062226,7.512728146426269,0.14761245834751593,14.761245834751593,g
idm,highway,WLTC_highway,D_HEV,des_vel,9,128.71365041793328,9.004620573926067,128.71365041793328,9.004620573926067,0.06995855175179991,6.995855175179991,0.24812856650691786,0.016644783002029803,0.24812856650691786,0.016644783002029803,0.06708128465960304,6.708128465960304,0.0005104830594614521,1.734645251097079e-05,0.0005104830594614521,1.734645251097079e-05,0.03398046651983103,3.3980466519831034,41.08313074950253,2.874116329180185,41.08313074950253,2.874116329180185,0.06995855176433911,6.995855176433912,g
idm,highway,WLTC_highway,D_HEV,jam_dis_0,15,131.65522150186635,1.4356035753633218,131.65522150186635,1.4356035753633218,0.010904266150529933,1.0904266150529933,0.2522504505334507,0.003958130097536326,0.2522504505334507,0.003958130097536326,0.015691270676289407,1.5691270676289406,0.0005125784812057814,4.152559761493636e-06,0.0005125784812057814,4.152559761493636e-06,0.008101315044918041,0.8101315044918042,42.022028442654424,0.45821938217539426,42.022028442654424,0.45821938217539426,0.010904266146997299,1.09042661469973,g
idm,highway,WLTC_highway,D_HEV,max_acc,15,132.27858108254463,13.316812472143507,132.27858108254463,13.316812472143507,0.10067247745750715,10.067247745750715,0.25475022047437024,0.025011645264191643,0.25475022047437024,0.025011645264191643,0.098181054436842,9.8181054436842,0.0005210177719942605,3.1058360179120246e-05,0.0005210177719942605,3.1058360179120246e-05,0.059610941984263796,5.961094198426379,42.22099384410335,4.25049205069522,42.22099384410335,4.25049205069522,0.10067247745019273,10.067247745019273,g
idm,highway,WLTC_highway,D_HEV,safe_head,15,132.18335773651754,15.281528597820753,132.18335773651754,15.281528597820753,0.1156085672167716,11.56085672167716,0.26247010974401497,0.03977131175321165,0.26247010974401497,0.03977131175321165,0.15152701308350996,15.152701308350997,0.0005304435550145384,4.268412487066407e-05,0.0005304435550145384,4.268412487066407e-05,0.08046874067400854,8.046874067400854,42.1906002289425,4.8775948424685325,42.1906002289425,4.8775948424685325,0.11560856721641356,11.560856721641356,g
idm,highway,WLTC_highway,G,acc_exp,15,143.94921175658757,1.6138345519889876,143.94921175658757,1.6138345519889876,0.011211138514033117,1.1211138514033117,0.028861044961988255,0.0011925727321355829,0.028861044961988255,0.0011925727321355829,0.041321190334801576,4.132119033480158,0.0010150968833543537,1.9728917977539498e-05,0.0010150968833543537,1.9728917977539498e-05,0.019435502463908617,1.9435502463908616,46.37217416382098,0.5198848611282959,46.37217416382098,0.5198848611282959,0.011211138371293014,1.1211138371293015,g
idm,highway,WLTC_highway,G,des_dec,15,161.3979306983116,15.759023450190101,161.3979306983116,15.759023450190101,0.09764080234490242,9.764080234490242,0.03326299299634336,0.004246920445516589,0.03326299299634336,0.004246920445516589,0.12767703874343053,12.767703874343054,0.0010725487880701792,6.568333150083443e-05,0.0010725487880701792,6.568333150083443e-05,0.06124041370557833,6.124041370557833,51.9931499475253,5.076652873045865,51.9931499475253,5.076652873045865,0.09764080226278916,9.764080226278917,g
idm,highway,WLTC_highway,G,des_vel,9,142.3985056560722,3.3338572933275077,142.3985056560722,3.3338572933275077,0.023412164881698987,2.341216488169899,0.02784488941050263,0.0016466814130895932,0.02784488941050263,0.0016466814130895932,0.059137653190624355,5.913765319062436,0.0010162251519945222,1.3708752484823013e-05,0.0010162251519945222,1.3708752484823013e-05,0.013489877177234941,1.3489877177234941,45.87262566150941,1.0739774693535507,45.87262566150941,1.0739774693535507,0.023412164746756555,2.3412164746756554,g
idm,highway,WLTC_highway,G,jam_dis_0,15,143.26180304242763,0.4345563752667879,143.26180304242763,0.4345563752667879,0.003033302429804629,0.3033302429804629,0.028274609974058878,0.00023637509464493654,0.028274609974058878,0.00023637509464493654,0.008359977197273587,0.8359977197273587,0.0010080632942132731,5.18851243523017e-06,0.0010080632942132731,5.18851243523017e-06,0.0051470105746479556,0.5147010574647956,46.1507305297149,0.13998912121645285,46.1507305297149,0.13998912121645285,0.0030333023900091585,0.3033302390009158,g
idm,highway,WLTC_highway,G,max_acc,15,145.01222829186185,7.456283865258536,145.01222829186185,7.456283865258536,0.0514183110837487,5.14183110837487,0.02861156485624855,0.0024737243891618044,0.02861156485624855,0.0024737243891618044,0.08645889875616368,8.645889875616367,0.0010285401173051965,1.1375621967357199e-05,0.0010285401173051965,1.1375621967357199e-05,0.011059969150412569,1.105996915041257,46.71461708476663,2.401986690447201,46.71461708476663,2.401986690447201,0.05141831059192124,5.141831059192124,g
idm,highway,WLTC_highway,G,safe_head,15,145.23322239785017,7.656035709951951,145.23322239785017,7.656035709951951,0.052715457135414215,5.271545713541421,0.02835856696227725,0.002088961629212872,0.02835856696227725,0.002088961629212872,0.07366245381833372,7.366245381833372,0.0010414528424673648,2.1935524872611664e-05,0.0010414528424673648,2.1935524872611664e-05,0.02106242738811195,2.106242738811195,46.785808691466364,2.466335265091562,46.785808691466364,2.466335265091562,0.05271545654700667,5.271545654700667,g
idm,highway,WLTC_highway,G_HEV,acc_exp,15,118.91902454798074,7.785127340370914,118.91902454798074,7.785127340370914,0.06546578539441195,6.546578539441194,0.025055328464828015,0.0012342470143795203,0.025055328464828015,0.0012342470143795203,0.049260859465966395,4.92608594659664,0.0009666392919038699,2.2211222343144917e-05,0.0009666392919038699,2.2211222343144917e-05,0.02297777726311768,2.297777726311768,38.308884455857275,2.5079212084720504,38.308884455857275,2.5079212084720504,0.06546578539403539,6.546578539403539,g
idm,highway,WLTC_highway,G_HEV,des_dec,15,142.83926530481227,22.604876899301086,142.83926530481227,22.604876899301086,0.15825394264709597,15.825394264709598,0.029062953829748616,0.003979233923993155,0.029062953829748616,0.003979233923993155,0.1369177388954884,13.69177388954884,0.0010034725881301,4.598606793220109e-05,0.0010034725881301,4.598606793220109e-05,0.04582692987946274,4.582692987946274,46.0146131462393,7.281993950264181,46.0146131462393,7.281993950264181,0.15825394265776474,15.825394265776474,g
idm,highway,WLTC_highway,G_HEV,des_vel,9,113.02437889432355,9.808176439771424,113.02437889432355,9.808176439771424,0.08677929961412974,8.677929961412973,0.024055012723860434,0.0015923501252698546,0.024055012723860434,0.0015923501252698546,0.06619618719595957,6.619618719595957,0.0009707777871616852,1.6905815191610936e-05,0.0009707777871616852,1.6905815191610936e-05,0.01741471160051918,1.741471160051918,36.40996794475468,3.1596315171572895,36.40996794475468,3.1596315171572895,0.08677929961244238,8.677929961244239,g
idm,highway,WLTC_highway,G_HEV,jam_dis_0,15,116.19454378329709,1.5953943091901137,116.19454378329709,1.5953943091901137,0.013730371988598064,1.3730371988598065,0.02443594031072747,0.000254846073604414,0.02443594031072747,0.000254846073604414,0.01042914945624317,1.042914945624317,0.0009604809235837437,6.768999205521407e-06,0.0009604809235837437,6.768999205521407e-06,0.007047510303760054,0.7047510303760054,37.43121312269964,0.5139444803886153,37.43121312269964,0.5139444803886153,0.013730371994728133,1.3730371994728132,g
idm,highway,WLTC_highway,G_HEV,max_acc,15,116.62399171046165,14.180982836832388,116.62399171046165,14.180982836832388,0.12159575940462597,12.159575940462597,0.024705253075356367,0.0023818328169455255,0.024705253075356367,0.0023818328169455255,0.0964099744163891,9.640997441638909,0.0009802123541549784,1.4773290373643596e-05,0.0009802123541549784,1.4773290373643596e-05,0.01507152027927597,1.507152027927597,37.56955659736642,4.568298764874228,37.56955659736642,4.568298764874228,0.12159575940256001,12.159575940256001,g
idm,highway,WLTC_highway,G_HEV,safe_head,15,116.53867238582544,16.58757112535,116.53867238582544,16.58757112535,0.14233533629449122,14.233533629449122,0.02463357064000993,0.002265505545857608,0.02463357064000993,0.002265505545857608,0.09196821601566628,9.196821601566628,0.0009931482706007732,2.3413421304746546e-05,0.0009931482706007732,2.3413421304746546e-05,0.023574950486077318,2.3574950486077317,37.54207160727179,5.343563387641036,37.54207160727179,5.343563387641036,0.14233533630056802,14.233533630056803,g
idm,rural,CADC_rural,B,des_vel,6,0.0,0.0,0.0,0.0,,,0.0,0.0,0.0,0.0,,,0.0,0.0,0.0,0.0,,,0.16887427940859714,0.0038494747812760637,0.16887427940859714,0.0038494747812760637,0.022794914623807967,2.2794914623807965,kWh
idm,rural,CADC_rural,D,des_vel,6,132.84353735279197,4.394440834024012,132.84353735279197,4.394440834024012,0.03307982399139008,3.307982399139008,0.28085805553178483,0.019153536409247173,0.28085805553178483,0.019153536409247173,0.06819650008963178,6.819650008963178,0.0006351229038116569,6.5674266555684e-05,0.0006351229038116569,6.5674266555684e-05,0.10340402804172755,10.340402804172754,42.40131794245422,1.4026281336263744,42.40131794245422,1.4026281336263744,0.03307982396985817,3.3079823969858166,g
idm,rural,CADC_rural,D_HEV,des_vel,6,103.91700374023725,4.363995607049969,103.91700374023725,4.363995607049969,0.04199500995966654,4.199500995966654,0.24208291681783975,0.015491346620442043,0.24208291681783975,0.015491346620442043,0.06399190336961622,6.399190336961621,0.0005810037546600974,6.066960648194307e-05,0.0005810037546600974,6.066960648194307e-05,0.10442205578763668,10.442205578763668,33.1684777635634,1.3929105542532305,33.1684777635634,1.3929105542532305,0.04199500996646237,4.199500996646237,g
idm,rural,CADC_rural,G,des_vel,6,142.0558328556442,6.332901145045317,142.0558328556442,6.332901145045317,0.044580366872233615,4.458036687223362,0.02676887963777744,0.0015464738960206139,0.02676887963777744,0.0015464738960206139,0.05777133436089573,5.777133436089573,0.001342099605091773,0.0001882101549417979,0.001342099605091773,0.0001882101549417979,0.14023560861485246,14.023560861485246,45.76223616551122,2.0400972778967663,45.76223616551122,2.0400972778967663,0.044580366888502025,4.4580366888502025,g
idm,rural,CADC_rural,G_HEV,des_vel,6,80.807700308019,7.182845365618938,80.807700308019,7.182845365618938,0.08888812994602872,8.888812994602873,0.022606486724973406,0.0011106764632733178,0.022606486724973406,0.0011106764632733178,0.04913087454877951,4.913087454877951,0.00129654050346287,0.0001826944277968952,0.00129654050346287,0.0001826944277968952,0.14090915579493668,14.090915579493668,26.031603152068133,2.3139005231850214,26.031603152068133,2.3139005231850214,0.08888812992684197,8.888812992684198,g
idm,rural,Ford_focus,B,des_vel,6,0.0,0.0,0.0,0.0,,,0.0,0.0,0.0,0.0,,,0.0,0.0,0.0,0.0,,,0.18579810442558312,0.002957640592119812,0.18579810442558312,0.002957640592119812,0.015918572480939506,1.5918572480939506,kWh
idm,rural,Ford_focus,D,des_vel,6,147.7327860219016,3.686970687029483,147.7327860219016,3.686970687029483,0.02495702400469781,2.495702400469781,0.3189579347765132,0.017973566929045427,0.3189579347765132,0.017973566929045427,0.05635090075949705,5.635090075949705,0.0007291304551675926,6.628762905516389e-05,0.0007291304551675926,6.628762905516389e-05,0.09091326330612194,9.091326330612194,47.15370396217273,1.1768161169067637,47.15370396217273,1.1768161169067637,0.02495702390316612,2.495702390316612,g
idm,rural,Ford_focus,D_HEV,des_vel,6,113.23827463303132,4.639420948061359,113.23827463303132,4.639420948061359,0.04097043127066554,4.097043127066554,0.27428690380426096,0.014652432211462564,0.27428690380426096,0.014652432211462564,0.053420094099421396,5.34200940994214,0.0006668820732328046,6.173974379506018e-05,0.0006668820732328046,6.173974379506018e-05,0.0925797022789473,9.25797022789473,36.143663298811866,1.4808214723952609,36.143663298811866,1.4808214723952609,0.040970431252438634,4.0970431252438635,g
idm,rural,Ford_focus,G,des_vel,6,158.17427349402473,6.05781991781025,158.17427349402473,6.05781991781025,0.038298389390352364,3.8298389390352363,0.030123690260305248,0.0014604340940658953,0.030123690260305248,0.0014604340940658953,0.04848124786325885,4.848124786325885,0.0015342961951782337,0.00019899232811286858,0.0015342961951782337,0.00019899232811286858,0.12969616214798235,12.969616214798235,50.954672589564204,1.9514819029503032,50.954672589564204,1.9514819029503032,0.03829838960342918,3.8298389603429177,g
idm,rural,Ford_focus,G_HEV,des_vel,6,87.11135702359745,7.968246703586863,87.11135702359745,7.968246703586863,0.0914719615885258,9.14719615885258,0.025418862245912083,0.0010101320007613404,0.025418862245912083,0.0010101320007613404,0.039739465558644035,3.9739465558644036,0.0014873913760785583,0.00019262481353309282,0.0014873913760785583,0.00019262481353309282,0.12950513000884786,12.950513000884786,28.06227955230759,2.5669117576047413,28.06227955230759,2.5669117576047413,0.09147196159955799,9.147196159955799,g
idm,rural,WLTC_rural,B,acc_exp,8,0.0,0.0,0.0,0.0,,,0.0,0.0,0.0,0.0,,,0.0,0.0,0.0,0.0,,,0.1847552033280901,0.0040603198938681685,0.1847552033280901,0.0040603198938681685,0.021976755299593986,2.1976755299593984,kWh
idm,rural,WLTC_rural,B,des_dec,4,0.0,0.0,0.0,0.0,,,0.0,0.0,0.0,0.0,,,0.0,0.0,0.0,0.0,,,0.18237952419027342,0.005904890153880415,0.18237952419027342,0.005904890153880415,0.03237693584352125,3.237693584352125,kWh
idm,rural,WLTC_rural,B,des_vel,15,0.0,0.0,0.0,0.0,,,0.0,0.0,0.0,0.0,,,0.0,0.0,0.0,0.0,,,0.18108166348136034,0.006472281311279663,0.18108166348136034,0.006472281311279663,0.03574233407650294,3.5742334076502935,kWh
idm,rural,WLTC_rural,B,jam_dis_0,12,0.0,0.0,0.0,0.0,,,0.0,0.0,0.0,0.0,,,0.0,0.0,0.0,0.0,,,0.18688381966233744,0.0010283299780326056,0.18688381966233744,0.0010283299780326056,0.005502509419438221,0.5502509419438221,kWh
idm,rural,WLTC_rural,B,max_acc,13,0.0,0.0,0.0,0.0,,,0.0,0.0,0.0,0.0,,,0.0,0.0,0.0,0.0,,,0.18083443327212567,0.0024963723031984587,0.18083443327212567,0.0024963723031984587,0.013804739827629147,1.3804739827629147,kWh
idm,rural,WLTC_rural,B,safe_head,11,0.0,0.0,0.0,0.0,,,0.0,0.0,0.0,0.0,,,0.0,0.0,0.0,0.0,,,0.18222794046461221,0.0024864121623437195,0.18222794046461221,0.0024864121623437195,0.013644516620252144,1.3644516620252143,kWh
idm,rural,WLTC_rural,D,acc_exp,8,144.45212421379279,1.1774226458494106,144.45212421379279,1.1774226458494106,0.008150954181239975,0.8150954181239974,0.3086297060148766,0.004734109891729602,0.3086297060148766,0.004734109891729602,0.015339125817983988,1.5339125817983987,0.000670331821080509,1.0961157035552807e-05,0.000670331821080509,1.0961157035552807e-05,0.01635183753903328,1.635183753903328,46.10657448169937,0.3758125699568807,46.10657448169937,0.3758125699568807,0.008150954048994647,0.8150954048994647,g
idm,rural,WLTC_rural,D,des_dec,4,141.16189963514114,4.232501772146575,141.16189963514114,4.232501772146575,0.02998331549154732,2.998331549154732,0.30491095796587553,0.006625685582365772,0.30491095796587553,0.006625685582365772,0.021729903138172205,2.1729903138172206,0.0006703001176671132,7.3590938879194966e-06,0.0006703001176671132,7.3590938879194966e-06,0.010978804410077987,1.0978804410077987,45.056392728603825,1.350940044768464,45.056392728603825,1.350940044768464,0.029983315639710025,2.9983315639710026,g
idm,rural,WLTC_rural,D,des_vel,15,142.42591785096448,2.1253920344892023,142.42591785096448,2.1253920344892023,0.014922789802297276,1.4922789802297276,0.30584500512008644,0.00613265192093811,0.30584500512008644,0.00613265192093811,0.02005150261823042,2.005150261823042,0.0006771326045225932,2.5551564328340642e-05,0.0006771326045225932,2.5551564328340642e-05,0.03773494904495932,3.773494904495932,45.45984508435907,0.6783877217967333,45.45984508435907,0.6783877217967333,0.014922790003746399,1.49227900037464,g
idm,rural,WLTC_rural,D,jam_dis_0,12,143.77488610978583,0.13913828888252106,143.77488610978583,0.13913828888252106,0.0009677509935655641,0.09677509935655641,0.3088950017998469,0.0011248036945932746,0.3088950017998469,0.0011248036945932746,0.0036413787469507445,0.36413787469507447,0.000666022446856041,3.353582443469119e-06,0.000666022446856041,3.353582443469119e-06,0.005035239366630516,0.5035239366630516,45.89041200493645,0.04441049667525656,45.89041200493645,0.04441049667525656,0.0009677510995211658,0.09677510995211658,g
idm,rural,WLTC_rural,D,max_acc,13,142.2244963294906,0.8902003041746366,142.2244963294906,0.8902003041746366,0.006259120806533322,0.6259120806533321,0.3085170548564885,0.001757509613206282,0.3085170548564885,0.001757509613206282,0.005696636816476207,0.5696636816476207,0.0006931438481670175,1.2143503817247731e-05,0.0006931438481670175,1.2143503817247731e-05,0.01751945696316946,1.751945696316946,45.39555486957028,0.28413626857935353,45.39555486957028,0.28413626857935353,0.006259120951285405,0.6259120951285404,g
idm,rural,WLTC_rural,D,safe_head,11,143.12407984178395,1.3880378555505621,143.12407984178395,1.3880378555505621,0.009698143436694678,0.9698143436694678,0.311970984022558,0.0022596261166840724,0.311970984022558,0.0022596261166840724,0.00724306500415014,0.724306500415014,0.000704645456848658,1.761265867575134e-05,0.000704645456848658,1.761265867575134e-05,0.024995064545678524,2.4995064545678525,45.682686088238796,0.44303724275250644,45.682686088238796,0.44303724275250644,0.009698143447536205,0.9698143447536205,g
idm,rural,WLTC_rural,D_HEV,acc_exp,8,120.48403866030722,1.900521034205593,120.48403866030722,1.900521034205593,0.01577404820869197,1.5774048208691969,0.26785753153524583,0.005324574817266365,0.26785753153524583,0.005324574817266365,0.0198783838063024,1.98783838063024,0.000611876000588931,1.0414659736308802e-05,0.000611876000588931,1.0414659736308802e-05,0.017020866525708944,1.7020866525708944,38.456383586845476,0.6066128497309363,38.456383586845476,0.6066128497309363,0.015774048237298017,1.5774048237298017,g
idm,rural,WLTC_rural,D_HEV,des_dec,4,116.29162810362709,7.54579370782206,116.29162810362709,7.54579370782206,0.06488681800118946,6.488681800118947,0.26512791294363347,0.006307217500978821,0.26512791294363347,0.006307217500978821,0.023789337874506423,2.3789337874506424,0.0006137523121360448,6.910668609507323e-06,0.0006137523121360448,6.910668609507323e-06,0.011259702770741658,1.1259702770741657,37.11823996186621,2.4084844806812957,37.11823996186621,2.4084844806812957,0.0648868179944867,6.4886817994486705,g
idm,rural,WLTC_rural,D_HEV,des_vel,15,115.33530153241594,8.016674117781605,115.33530153241594,8.016674117781605,0.06950754895740618,6.9507548957406184,0.26488449328225866,0.006241527301259111,0.26488449328225866,0.006241527301259111,0.023563203809776032,2.3563203809776034,0.0006188052830166937,2.408430342481732e-05,0.0006188052830166937,2.408430342481732e-05,0.03892064933157268,3.892064933157268,36.81299735798952,2.5587812152707774,36.81299735798952,2.5587812152707774,0.06950754893408442,6.950754893408442,g
idm,rural,WLTC_rural,D_HEV,jam_dis_0,12,121.1984108344999,1.1265349588344002,121.1984108344999,1.1265349588344002,0.009294964769568785,0.9294964769568784,0.2689724527178895,0.0007401222551808918,0.2689724527178895,0.0007401222551808918,0.002751665636023945,0.2751665636023945,0.0006088928507850393,5.628470490074611e-06,0.0006088928507850393,5.628470490074611e-06,0.009243778249026707,0.9243778249026706,38.68439860695948,0.3595701219846266,38.68439860695948,0.3595701219846266,0.009294964764424138,0.9294964764424138,g
idm,rural,WLTC_rural,D_HEV,max_acc,13,114.01824755524126,3.168991106585559,114.01824755524126,3.168991106585559,0.027793718764623172,2.779371876462317,0.26720885257106597,0.0015153448787379388,0.26720885257106597,0.0015153448787379388,0.005671013007830355,0.5671013007830356,0.0006344153476902602,1.1327352786798278e-05,0.0006344153476902602,1.1327352786798278e-05,0.017854789970069604,1.7854789970069604,36.39261692165209,1.0114861601978093,36.39261692165209,1.0114861601978093,0.02779371877475558,2.7793718774755583,g
idm,rural,WLTC_rural,D_HEV,safe_head,11,113.77047740384567,4.340980618503371,113.77047740384567,4.340980618503371,0.038155598161853516,3.8155598161853517,0.27020168265132105,0.001999913318613415,0.27020168265132105,0.001999913318613415,0.007401557603155945,0.7401557603155945,0.0006450121255332752,1.589099601628133e-05,0.0006450121255332752,1.589099601628133e-05,0.024636739973133318,2.463673997313332,36.313533051238906,1.3855645749116532,36.313533051238906,1.3855645749116532,0.0381555981610658,3.81555981610658,g
idm,rural,WLTC_rural,G,acc_exp,8,149.64046908767992,3.4532610589291215,149.64046908767992,3.4532610589291215,0.023077053152685104,2.3077053152685103,0.028977180217632917,0.00024385262381869377,0.028977180217632917,0.00024385262381869377,0.008415333099605975,0.8415333099605975,0.0013214757328096336,5.3107046042205786e-05,0.0013214757328096336,5.3107046042205786e-05,0.04018768163778015,4.018768163778015,48.20557060014165,1.1124425268528588,48.20557060014165,1.1124425268528588,0.023077053398670694,2.3077053398670695,g
idm,rural,WLTC_rural,G,des_dec,4,146.39978071200494,1.8571342355160445,146.39978071200494,1.8571342355160445,0.012685362139779199,1.26853621397792,0.028395797228792034,0.0006371266252522439,0.028395797228792034,0.0006371266252522439,0.022437356490425518,2.2437356490425517,0.0013262612965173305,6.423287837886567e-05,0.0013262612965173305,6.423287837886567e-05,0.04843154101498455,4.843154101498455,47.16160680774125,0.5982620508679201,47.16160680774125,0.5982620508679201,0.012685361915398511,1.2685361915398512,g
idm,rural,WLTC_rural,G,des_vel,15,149.09927729977568,2.219986547777665,149.09927729977568,2.219986547777665,0.014889317963052293,1.4889317963052293,0.028773881699315648,0.0003726495436919587,0.028773881699315648,0.0003726495436919587,0.012950965308960095,1.2950965308960096,0.0013733890119999705,0.0001170523570656725,0.0013733890119999705,0.0001170523570656725,0.08522884342522685,8.522884342522685,48.031229674723605,0.7151522620624391,48.031229674723605,0.7151522620624391,0.01488931819788048,1.488931819788048,g
idm,rural,WLTC_rural,G,jam_dis_0,12,148.05198362849666,1.0108309754331342,148.05198362849666,1.0108309754331342,0.0068275409127214965,0.6827540912721497,0.028944757220278824,1.1922881514165528e-05,0.028944757220278824,1.1922881514165528e-05,0.0004119185185568703,0.04119185185568703,0.0012988265215631391,2.6356136150879355e-05,0.0012988265215631391,2.6356136150879355e-05,0.020292268223134,2.0292268223134,47.69385175182675,0.3256317359692294,47.69385175182675,0.3256317359692294,0.006827541161146776,0.6827541161146776,g
idm,rural,WLTC_rural,G,max_acc,13,149.37547766563048,1.0513329050487668,149.37547766563048,1.0513329050487668,0.007038189410193035,0.7038189410193035,0.028608866732730536,0.00022687041401679936,0.028608866732730536,0.00022687041401679936,0.007930073432697136,0.7930073432697136,0.0014035722295943757,5.685254695479561e-05,0.0014035722295943757,5.685254695479561e-05,0.04050560830148774,4.0505608301487745,48.12020560360915,0.3386791340381633,48.12020560360915,0.3386791340381633,0.007038189670842999,0.7038189670842998,g
idm,rural,WLTC_rural,G,safe_head,11,151.1821818956629,1.3566844746813136,151.1821818956629,1.3566844746813136,0.008973838435653865,0.8973838435653865,0.029041417994373445,0.0001745224396151705,0.029041417994373445,0.0001745224396151705,0.006009432447443954,0.6009432447443954,0.001445995333019709,8.007586772313951e-05,0.001445995333019709,8.007586772313951e-05,0.05537768061527213,5.537768061527213,48.702222007435665,0.4370458812456372,48.702222007435665,0.4370458812456372,0.008973838630584673,0.8973838630584673,g
idm,rural,WLTC_rural,G_HEV,acc_exp,8,97.39075036156342,2.802950841728084,97.39075036156342,2.802950841728084,0.02878046253183307,2.878046253183307,0.024977515434165674,0.0002964359900371166,0.024977515434165674,0.0002964359900371166,0.01186811357672647,1.186811357672647,0.0012877983553526732,4.778700979352132e-05,0.0012877983553526732,4.778700979352132e-05,0.03710752509886107,3.710752509886107,31.373710109620504,0.9029498879411078,31.373710109620504,0.9029498879411078,0.028780462520568303,2.8780462520568304,g
idm,rural,WLTC_rural,G_HEV,des_dec,4,92.92867243622257,8.423488903726595,92.92867243622257,8.423488903726595,0.09064467061560229,9.06446706156023,0.02447083959774965,0.0006241277666448891,0.02447083959774965,0.0006241277666448891,0.025504959245545633,2.5504959245545633,0.001295322541425767,6.68664064925632e-05,0.001295322541425767,6.68664064925632e-05,0.05162143354578162,5.162143354578162,29.936284697965295,2.713564667617539,29.936284697965295,2.713564667617539,0.09064467067290999,9.064467067290998,g
idm,rural,WLTC_rural,G_HEV,des_vel,15,91.41545186232658,9.937377059837742,91.41545186232658,9.937377059837742,0.10870566033851281,10.870566033851281,0.024627202082876234,0.0005272913770565923,0.024627202082876234,0.0005272913770565923,0.021410933133294424,2.1410933133294425,0.0013352647636593776,0.00010873688796603426,0.0013352647636593776,0.00010873688796603426,0.08143470188491603,8.143470188491603,29.448811879264927,3.2012525420480635,29.448811879264927,3.2012525420480635,0.10870566035643983,10.870566035643984,g
idm,rural,WLTC_rural,G_HEV,jam_dis_0,12,98.58917751946802,1.674942928450551,98.58917751946802,1.674942928450551,0.0169891155458702,1.69891155458702,0.025027124371696796,8.993886627717143e-05,0.025027124371696796,8.993886627717143e-05,0.003593655625049892,0.3593655625049892,0.0012666660968058561,2.405819239584139e-05,0.0012666660968058561,2.405819239584139e-05,0.01899331833109671,1.8993318331096711,31.759774556586326,0.539570480132913,31.759774556586326,0.539570480132913,0.016989115560992453,1.6989115560992454,g
idm,rural,WLTC_rural,G_HEV,max_acc,13,89.18935505279487,4.0262132047756385,89.18935505279487,4.0262132047756385,0.04514230652741413,4.514230652741413,0.024576078988919017,0.00026323673627693615,0.024576078988919017,0.00026323673627693615,0.0107110957934187,1.07110957934187,0.0013752412063574907,5.897543302761475e-05,0.0013752412063574907,5.897543302761475e-05,0.04288370124090379,4.288370124090379,28.731691253486645,1.2970148125457308,28.731691253486645,1.2970148125457308,0.04514230649016652,4.5142306490166515,g
idm,rural,WLTC_rural,G_HEV,safe_head,11,88.61335440142717,5.221363140152345,88.61335440142717,5.221363140152345,0.05892298260710297,5.892298260710297,0.024927218846453325,0.00016275303007386036,0.024927218846453325,0.00016275303007386036,0.0065291291048707205,0.652912910487072,0.0014146502980786483,8.012684919182345e-05,0.0014146502980786483,8.012684919182345e-05,0.056640746692415964,5.664074669241597,28.546136902312753,1.6820235281168299,28.546136902312753,1.6820235281168299,0.05892298260436618,5.892298260436618,g
idm,urban,CADC_urban,B,acc_exp,2,0.0,0.0,0.0,0.0,,,0.0,0.0,0.0,0.0,,,0.0,0.0,0.0,0.0,,,0.2619059873068842,0.0021072723702069973,0.2619059873068842,0.0021072723702069973,0.008045911404605784,0.8045911404605784,kWh
idm,urban,CADC_urban,B,des_dec,2,0.0,0.0,0.0,0.0,,,0.0,0.0,0.0,0.0,,,0.0,0.0,0.0,0.0,,,0.2626973502603329,0.0007874594766815735,0.2626973502603329,0.0007874594766815735,0.0029975920042634675,0.29975920042634674,kWh
idm,urban,CADC_urban,B,des_vel,7,0.0,0.0,0.0,0.0,,,0.0,0.0,0.0,0.0,,,0.0,0.0,0.0,0.0,,,0.2571698132602352,0.0028413833820780244,0.2571698132602352,0.0028413833820780244,0.01104866603920878,1.104866603920878,kWh
idm,urban,CADC_urban,B,max_acc,12,0.0,0.0,0.0,0.0,,,0.0,0.0,0.0,0.0,,,0.0,0.0,0.0,0.0,,,0.2697579524534908,0.0009293238697042784,0.2697579524534908,0.0009293238697042784,0.0034450286312300796,0.344502863123008,kWh
idm,urban,CADC_urban,B,safe_head,9,0.0,0.0,0.0,0.0,,,0.0,0.0,0.0,0.0,,,0.0,0.0,0.0,0.0,,,0.27647860840105626,0.000424769707017093,0.27647860840105626,0.000424769707017093,0.0015363564995991574,0.15363564995991574,kWh
idm,urban,CADC_urban,D,acc_exp,2,211.8553517022309,2.3730709099285576,211.8553517022309,2.3730709099285576,0.011201373441176886,1.1201373441176885,0.46783832333204556,0.014089414129481254,0.46783832333204556,0.014089414129481254,0.03011598970587404,3.011598970587404,0.0010911242709847019,5.587175020474119e-05,0.0010911242709847019,5.587175020474119e-05,0.05120567078424428,5.120567078424428,67.62049798152431,0.7574424141896969,67.62049798152431,0.7574424141896969,0.011201372909094074,1.1201372909094074,g
idm,urban,CADC_urban,D,des_dec,2,200.12002595312612,2.4270657631492583,200.12002595312612,2.4270657631492583,0.012128050411695165,1.2128050411695166,0.47603389680340286,0.018512585492132583,0.47603389680340286,0.018512585492132583,0.03888921695796401,3.8889216957964012,0.0011349798491351966,8.062547405743564e-05,0.0011349798491351966,8.062547405743564e-05,0.07103692115667834,7.103692115667834,63.87478862534982,0.7746766213911265,63.87478862534982,0.7746766213911265,0.012128049862284516,1.2128049862284516,g
idm,urban,CADC_urban,D,des_vel,7,206.31938194204753,4.77832342302973,206.31938194204753,4.77832342302973,0.023159837810932855,2.3159837810932853,0.4494671420960716,0.005164194461251133,0.4494671420960716,0.005164194461251133,0.011489592848029166,1.1489592848029166,0.0010261730518415992,4.782339396431394e-05,0.0010261730518415992,4.782339396431394e-05,0.046603634619413095,4.6603634619413095,65.85351396035311,1.5251567229660992,65.85351396035311,1.5251567229660992,0.02315983812016948,2.315983812016948,g
idm,urban,CADC_urban,D,max_acc,12,216.81429556275506,3.193441422037384,216.81429556275506,3.193441422037384,0.014728924648389107,1.4728924648389108,0.5227200262925539,0.015715253776513727,0.5227200262925539,0.015715253776513727,0.0300643805212052,3.00643805212052,0.0012876649390435675,6.666193973066838e-05,0.0012876649390435675,6.666193973066838e-05,0.05176963176475282,5.176963176475282,69.20330544801926,1.01929024424129,69.20330544801926,1.01929024424129,0.01472892425647082,1.472892425647082,g
idm,urban,CADC_urban,D,safe_head,9,227.61825881057842,1.0897032164305827,227.61825881057842,1.0897032164305827,0.004787415658677112,0.47874156586771116,0.5546996181190413,0.01197901630142878,0.5546996181190413,0.01197901630142878,0.02159550125894989,2.159550125894989,0.0013796028270862428,5.43614398925685e-05,0.0013796028270862428,5.43614398925685e-05,0.03940368838427309,3.9403688384273092,72.6517402403948,0.3478140605336545,72.6517402403948,0.3478140605336545,0.004787415406469064,0.4787415406469064,g
idm,urban,CADC_urban,D_HEV,acc_exp,2,156.16073406402805,4.227639049388188,156.16073406402805,4.227639049388188,0.027072356407179782,2.707235640717978,0.40377360034597987,0.011710491823800045,0.40377360034597987,0.011710491823800045,0.029002618828387304,2.9002618828387305,0.0010035790444557114,5.288671196910968e-05,0.0010035790444557114,5.288671196910968e-05,0.05269810311532826,5.269810311532826,49.84375654802368,1.3493879433022151,49.84375654802368,1.3493879433022151,0.027072356434493475,2.7072356434493474,g
idm,urban,CADC_urban,D_HEV,des_dec,2,146.33330035960188,6.972970129623974,146.33330035960188,6.972970129623974,0.047651287249645034,4.765128724964503,0.41959516236996397,0.0123472910605113,0.41959516236996397,0.0123472910605113,0.02942667639629384,2.942667639629384,0.001059009781554793,6.746780936882943e-05,0.001059009781554793,6.746780936882943e-05,0.06370839112531715,6.370839112531715,46.707012754757415,2.2256492804548067,46.707012754757415,2.2256492804548067,0.047651287230483605,4.7651287230483605,g
idm,urban,CADC_urban,D_HEV,des_vel,7,156.70346169281692,13.393541660976188,156.70346169281692,13.393541660976188,0.08547061766402657,8.547061766402656,0.3877397321765776,0.0036016361916191035,0.3877397321765776,0.0036016361916191035,0.009288798368434706,0.9288798368434705,0.0009411391671752323,4.583582856126232e-05,0.0009411391671752323,4.583582856126232e-05,0.0487024981638322,4.87024981638322,50.01698564637484,4.2749826577005186,50.01698564637484,4.2749826577005186,0.08547061768026325,8.547061768026325,g
idm,urban,CADC_urban,D_HEV,max_acc,12,146.24073567530132,5.374016533767714,146.24073567530132,5.374016533767714,0.03674774001205557,3.674774001205557,0.45300291695741407,0.011439730204911859,0.45300291695741407,0.011439730204911859,0.025253104950728796,2.5253104950728797,0.0011899349868913758,5.96127050963507e-05,0.0011899349868913758,5.96127050963507e-05,0.050097447132036045,5.009744713203604,46.677467736343694,1.7152914484622752,46.677467736343694,1.7152914484622752,0.03674774000490019,3.6747740004900193,g
idm,urban,CADC_urban,D_HEV,safe_head,9,147.46851890873455,8.139421580200992,147.46851890873455,8.139421580200992,0.05519429936933404,5.5194299369334034,0.47568459309194494,0.005797761941796945,0.47568459309194494,0.005797761941796945,0.012188248318305945,1.2188248318305945,0.001267738263404132,4.4478096793749506e-05,0.001267738263404132,4.4478096793749506e-05,0.03508460545658445,3.508460545658445,47.06935452575609,2.5979600449516447,47.06935452575609,2.5979600449516447,0.055194299372217974,5.519429937221798,g
idm,urban,CADC_urban,G,acc_exp,2,225.6656400518591,5.3529868824188185,225.6656400518591,5.3529868824188185,0.023720876962876027,2.3720876962876027,0.04375752566269232,0.001136728497954726,0.04375752566269232,0.001136728497954726,0.025977897075745788,2.5977897075745786,0.0022558583848792894,0.00017972944701705033,0.0022558583848792894,0.00017972944701705033,0.07967230931770906,7.9672309317709065,72.69651695773538,1.724425205549565,72.69651695773538,1.724425205549565,0.023720877941815547,2.372087794181555,g
idm,urban,CADC_urban,G,des_dec,2,207.6693571159767,7.805977365981704,207.6693571159767,7.805977365981704,0.037588489098188495,3.7588489098188496,0.042090677315477706,0.0016265408641749808,0.042090677315477706,0.0016265408641749808,0.03864373224464279,3.864373224464279,0.0022660657325051068,0.0002795441488326021,0.0022660657325051068,0.0002795441488326021,0.12336100618033248,12.336100618033248,66.89914752082274,2.514637953107851,66.89914752082274,2.514637953107851,0.037588490231884576,3.7588490231884575,g
idm,urban,CADC_urban,G,des_vel,7,217.20638955296315,1.218226351881587,217.20638955296315,1.218226351881587,0.00560861194916431,0.560861194916431,0.04233167735070729,0.0004422033397194989,0.04233167735070729,0.0004422033397194989,0.010446156811976894,1.0446156811976894,0.002068723238984088,0.0001963417555595709,0.002068723238984088,0.0001963417555595709,0.09490962921458297,9.490962921458298,69.97143187506269,0.39244261113123835,69.97143187506269,0.39244261113123835,0.005608611980843314,0.5608611980843314,g
idm,urban,CADC_urban,G,max_acc,12,234.24030397283886,9.080433698464587,234.24030397283886,9.080433698464587,0.038765462409566805,3.8765462409566807,0.04674002974419145,0.0017810844476154825,0.04674002974419145,0.0017810844476154825,0.03810618986259469,3.810618986259469,0.00275561873233863,0.00025401220068548263,0.00275561873233863,0.00025401220068548263,0.09217973361282399,9.217973361282398,75.4587817332571,2.925194627978014,75.4587817332571,2.925194627978014,0.03876546322094658,3.876546322094658,g
idm,urban,CADC_urban,G,safe_head,9,251.3288092796115,7.891359499576985,251.3288092796115,7.891359499576985,0.03139854727436993,3.139854727436993,0.050198485642826945,0.0017735114635333243,0.050198485642826945,0.0017735114635333243,0.035329979397232036,3.5329979397232036,0.003054934092637654,0.00025153036320289666,0.003054934092637654,0.00025153036320289666,0.0823357740545307,8.23357740545307,80.96371742873094,2.5421431505781715,80.96371742873094,2.5421431505781715,0.03139854778550548,3.1398547785505477,g
idm,urban,CADC_urban,G_HEV,acc_exp,2,118.06707832668849,6.962419130247419,118.06707832668849,6.962419130247419,0.058970029824762744,5.897002982476274,0.037023369835712305,0.0007275429496110923,0.037023369835712305,0.0007275429496110923,0.01965091110937484,1.965091110937484,0.00219964308605062,0.0001729598017809217,0.00219964308605062,0.0001729598017809217,0.07863084828523921,7.863084828523921,38.03443627932387,2.242891842177105,38.03443627932387,2.242891842177105,0.05897002983573539,5.897002983573539,g
idm,urban,CADC_urban,G_HEV,des_dec,2,106.14386658501016,10.162382964812103,106.14386658501016,10.162382964812103,0.09574159385528974,9.574159385528974,0.036692336888283536,0.0013724608819950246,0.036692336888283536,0.0013724608819950246,0.03740456450549144,3.740456450549144,0.002263690919092797,0.0002855197844919702,0.002263690919092797,0.0002855197844919702,0.12613019828978944,12.613019828978944,34.19346177824197,3.2737365321951746,34.19346177824197,3.2737365321951746,0.09574159391718341,9.574159391718341,g
idm,urban,CADC_urban,G_HEV,des_vel,7,121.86182936208534,16.16639554430469,121.86182936208534,16.16639554430469,0.13266168437591594,13.266168437591594,0.03593144587565272,0.0004517886088259176,0.03593144587565272,0.0004517886088259176,0.012573627300983487,1.2573627300983488,0.002012796233140632,0.0001929885007305192,0.002012796233140632,0.0001929885007305192,0.09588079386922982,9.588079386922981,39.2568872694867,5.207884787081942,39.2568872694867,5.207884787081942,0.13266168433914238,13.266168433914238,g
idm,urban,CADC_urban,G_HEV,max_acc,12,99.71037198780607,8.153187123134161,99.71037198780607,8.153187123134161,0.0817686962809771,8.17686962809771,0.03997013122277938,0.001306896695691494,0.03997013122277938,0.001306896695691494,0.03269683275262005,3.2696832752620053,0.0027333965426793072,0.0002495546572978306,0.0027333965426793072,0.0002495546572978306,0.09129837306855383,9.129837306855384,32.120959064874796,2.6264889456191,32.120959064874796,2.6264889456191,0.0817686962682021,8.17686962682021,g
idm,urban,CADC_urban,G_HEV,safe_head,9,97.58382074866523,10.194597844029744,97.58382074866523,10.194597844029744,0.10447016488816038,10.447016488816038,0.04226243583648025,0.0009307634168243481,0.04226243583648025,0.0009307634168243481,0.022023420997919107,2.2023420997919105,0.003005396478516345,0.000224700816418906,0.003005396478516345,0.000224700816418906,0.07476578149510331,7.476578149510331,31.435906307339128,3.2841143166058337,31.435906307339128,3.2841143166058337,0.1044701649285395,10.44701649285395,g
idm,urban,FTP,B,des_vel,3,0.0,0.0,0.0,0.0,,,0.0,0.0,0.0,0.0,,,0.0,0.0,0.0,0.0,,,0.19047536031135737,0.0006766615160760799,0.19047536031135737,0.0006766615160760799,0.003552488442442038,0.35524884424420383,kWh
idm,urban,FTP,D,des_vel,3,155.99655509889155,0.18509434262410707,155.99655509889155,0.18509434262410707,0.001186528398058338,0.11865283980583381,0.34536089090142413,0.007645303246453538,0.34536089090142413,0.007645303246453538,0.022137142472903007,2.2137142472903006,0.0008101856945226609,3.265443624226265e-05,0.0008101856945226609,3.265443624226265e-05,0.040304878823492124,4.030487882349212,49.79135353922654,0.059078844929955604,49.79135353922654,0.059078844929955604,0.0011865281967764184,0.11865281967764184,g
idm,urban,FTP,D_HEV,des_vel,3,113.54256793873004,3.9593134327131922,113.54256793873004,3.9593134327131922,0.03487074059175516,3.4870740591755163,0.295774253244388,0.005736874735325996,0.295774253244388,0.005736874735325996,0.019396126175275356,1.9396126175275357,0.0007409418019681569,3.00111275721122e-05,0.0007409418019681569,3.00111275721122e-05,0.04050402810638287,4.050402810638287,36.240788362432575,1.2637431312137766,36.240788362432575,1.2637431312137766,0.03487074063001843,3.487074063001843,g
idm,urban,FTP,G,des_vel,3,168.82562936394854,1.779963882716528,168.82562936394854,1.779963882716528,0.01054320892759323,1.054320892759323,0.0324514175897405,0.0005490662832132779,0.0324514175897405,0.0005490662832132779,0.0169196393869359,1.69196393869359,0.00175689086491497,0.00010549926788084003,0.00175689086491497,0.00010549926788084003,0.0600488453709081,6.00488453709081,54.38592812102462,0.5734022276392362,54.38592812102462,0.5734022276392362,0.01054320938245732,1.0543209382457321,g
idm,urban,FTP,G_HEV,des_vel,3,83.46903907266268,5.5972590145719545,83.46903907266268,5.5972590145719545,0.0670579064615725,6.705790646157251,0.027129511287906107,0.00030388766450124724,0.027129511287906107,0.00030388766450124724,0.011201368918013477,1.1201368918013477,0.0017004124479330907,0.00010212940809308665,0.0017004124479330907,0.00010212940809308665,0.06006155048866434,6.006155048866434,26.888933756878995,1.8031156040516696,26.888933756878995,1.8031156040516696,0.06705790643670943,6.705790643670944,g
idm,urban,WLTC_urban,B,acc_exp,6,0.0,0.0,0.0,0.0,,,0.0,0.0,0.0,0.0,,,0.0,0.0,0.0,0.0,,,0.24620044921457215,0.002463404905794098,0.24620044921457215,0.002463404905794098,0.0100056881035467,1.00056881035467,kWh
idm,urban,WLTC_urban,B,des_dec,3,0.0,0.0,0.0,0.0,,,0.0,0.0,0.0,0.0,,,0.0,0.0,0.0,0.0,,,0.24629782052136928,0.0008393291618721869,0.24629782052136928,0.0008393291618721869,0.0034077815227738285,0.34077815227738284,kWh
idm,urban,WLTC_urban,B,des_vel,12,0.0,0.0,0.0,0.0,,,0.0,0.0,0.0,0.0,,,0.0,0.0,0.0,0.0,,,0.24417584472954604,0.0033982278262516645,0.24417584472954604,0.0033982278262516645,0.013917133490479405,1.3917133490479405,kWh
idm,urban,WLTC_urban,B,jam_dis_0,8,0.0,0.0,0.0,0.0,,,0.0,0.0,0.0,0.0,,,0.0,0.0,0.0,0.0,,,0.2505502925482094,0.0009031628774374878,0.2505502925482094,0.0009031628774374878,0.0036047169143245228,0.3604716914324523,kWh
idm,urban,WLTC_urban,B,max_acc,12,0.0,0.0,0.0,0.0,,,0.0,0.0,0.0,0.0,,,0.0,0.0,0.0,0.0,,,0.25188640312092714,0.0016709038872374262,0.25188640312092714,0.0016709038872374262,0.006633561266247661,0.6633561266247661,kWh
idm,urban,WLTC_urban,B,safe_head,11,0.0,0.0,0.0,0.0,,,0.0,0.0,0.0,0.0,,,0.0,0.0,0.0,0.0,,,0.25829939324361634,0.005468725393789284,0.25829939324361634,0.005468725393789284,0.021172041192645888,2.117204119264589,kWh
idm,urban,WLTC_urban,D,acc_exp,6,189.41630274729604,3.233657108296641,189.41630274729604,3.233657108296641,0.01707169373172026,1.7071693731720259,0.4188589664769718,0.00976495554382971,0.4188589664769718,0.00976495554382971,0.023313230288378155,2.3313230288378155,0.0009689314784895203,4.4514700966466154e-05,0.0009689314784895203,4.4514700966466154e-05,0.045942052616414826,4.594205261641482,60.458348731506135,1.0321264058148247,60.458348731506135,1.0321264058148247,0.01707169361172052,1.707169361172052,g
idm,urban,WLTC_urban,D,des_dec,3,184.99845389467126,1.907456223197269,184.99845389467126,1.907456223197269,0.010310660348995554,1.0310660348995553,0.4332990583596119,0.013909373698142317,0.4332990583596119,0.013909373698142317,0.03210109375912463,3.210109375912463,0.0010447545864847017,6.672328857323457e-05,0.0010447545864847017,6.672328857323457e-05,0.06386503532637193,6.386503532637193,59.04824913806687,0.6088264284528032,59.04824913806687,0.6088264284528032,0.0103106601353961,1.03106601353961,g
idm,urban,WLTC_urban,D,des_vel,12,187.06664582308068,3.8731707569736997,187.06664582308068,3.8731707569736997,0.020704764015690817,2.0704764015690817,0.41346836968954276,0.006932061801889867,0.41346836968954276,0.006932061801889867,0.016765639913628415,1.6765639913628414,0.0009585376447431384,3.264519051063666e-05,0.0009585376447431384,3.264519051063666e-05,0.03405728579328219,3.405728579328219,59.708379624806156,1.2362479105556885,59.708379624806156,1.2362479105556885,0.020704764026824852,2.0704764026824853,g
idm,urban,WLTC_urban,D,jam_dis_0,8,192.97159899200136,0.8692060554432859,192.97159899200136,0.8692060554432859,0.004504321153908842,0.4504321153908842,0.43057613919800947,0.008446234385052506,0.43057613919800947,0.008446234385052506,0.01961612271591373,1.961612271591373,0.0009907610986437832,3.551921147867813e-05,0.0009907610986437832,3.551921147867813e-05,0.03585043006563246,3.585043006563246,61.59313666790746,0.2774352489953993,61.59313666790746,0.2774352489953993,0.004504320838395528,0.45043208383955285,g
idm,urban,WLTC_urban,D,max_acc,12,196.53999320368317,3.433934860816584,196.53999320368317,3.433934860816584,0.017471939450297243,1.7471939450297242,0.4713140971574706,0.011894677227182598,0.4713140971574706,0.011894677227182598,0.025237261730383743,2.523726173038374,0.0011709791095015091,3.960350017768461e-05,0.0011709791095015091,3.960350017768461e-05,0.033820842623353026,3.3820842623353027,62.732105179669794,1.0960515196238103,62.732105179669794,1.0960515196238103,0.017471939073057257,1.7471939073057257,g
idm,urban,WLTC_urban,D,safe_head,11,206.512149177783,8.785295870268016,206.512149177783,8.785295870268016,0.04254130280105165,4.254130280105165,0.4954142259634233,0.03497985577954278,0.4954142259634233,0.03497985577954278,0.07060728971098493,7.060728971098492,0.0012247649410427872,0.000120043086268111,0.0012247649410427872,0.000120043086268111,0.09801316337966379,9.801316337966378,65.91504174788065,2.8041116890173425,65.91504174788065,2.8041116890173425,0.04254130187374876,4.254130187374876,g
idm,urban,WLTC_urban,D_HEV,acc_exp,6,143.80762534606836,8.230152241412307,143.80762534606836,8.230152241412307,0.05723029096410371,5.723029096410371,0.36591176079129323,0.007955592889355592,0.36591176079129323,0.007955592889355592,0.021741834348673095,2.1741834348673095,0.0008965540094798596,4.100048914737662e-05,0.0008965540094798596,4.100048914737662e-05,0.04573119824779242,4.5731198247792415,45.900861762165995,2.6269196753212394,45.900861762165995,2.6269196753212394,0.05723029098957986,5.723029098957986,g
idm,urban,WLTC_urban,D_HEV,des_dec,3,132.37813223870955,8.894511457067653,132.37813223870955,8.894511457067653,0.06719018697913574,6.719018697913574,0.379617989683468,0.009021298272922074,0.379617989683468,0.009021298272922074,0.02376414848106695,2.3764148481066947,0.0009696935763443215,5.877316455700898e-05,0.0009696935763443215,5.877316455700898e-05,0.06061003804787466,6.061003804787466,42.25276882177158,2.8389714403674877,42.25276882177158,2.8389714403674877,0.06719018704650312,6.719018704650312,g
idm,urban,WLTC_urban,D_HEV,des_vel,12,140.75402367606023,10.447502301271008,140.75402367606023,10.447502301271008,0.07422524790705463,7.422524790705463,0.36007517446121223,0.006183488294022095,0.36007517446121223,0.006183488294022095,0.017172770389612596,1.7172770389612597,0.0008853580236589954,2.8043951135944973e-05,0.0008853580236589954,2.8043951135944973e-05,0.0316752662612638,3.16752662612638,44.92620587934723,3.334658768985157,44.92620587934723,3.334658768985157,0.07422524790855116,7.422524790855116,g
idm,urban,WLTC_urban,D_HEV,jam_dis_0,8,149.20885664989308,2.4634932820066147,149.20885664989308,2.4634932820066147,0.016510369004348106,1.6510369004348107,0.3796090899262156,0.007863354831829839,0.3796090899262156,0.007863354831829839,0.02071434810309267,2.0714348103092672,0.0009239872126285875,3.496244022830879e-05,0.0009239872126285875,3.496244022830879e-05,0.037838662430020605,3.7838662430020604,47.624839686718616,0.7863036756404544,47.624839686718616,0.7863036756404544,0.016510368975787545,1.6510368975787546,g
idm,urban,WLTC_urban,D_HEV,max_acc,12,130.2558398230975,2.2588081733170107,130.2558398230975,2.2588081733170107,0.017341319793298587,1.7341319793298586,0.40868060575490706,0.008035950341187623,0.40868060575490706,0.008035950341187623,0.019663155598841714,1.9663155598841713,0.0010836739271006598,3.427132173757191e-05,0.0010836739271006598,3.427132173757191e-05,0.0316251234624274,3.16251234624274,41.575370452574504,0.7209717930498535,41.575370452574504,0.7209717930498535,0.017341319757385548,1.7341319757385547,g
idm,urban,WLTC_urban,D_HEV,safe_head,11,136.26315132401672,5.909349482061807,136.26315132401672,5.909349482061807,0.04336718639370165,4.336718639370165,0.42643311004176837,0.024371225924552882,0.42643311004176837,0.024371225924552882,0.05715134531220093,5.715134531220093,0.0011283010409672248,0.0001033830282948173,0.0011283010409672248,0.0001033830282948173,0.09162716734373766,9.162716734373767,43.492798503186584,1.8861602998745794,43.492798503186584,1.8861602998745794,0.04336718640297166,4.336718640297166,g
idm,urban,WLTC_urban,G,acc_exp,6,197.5825561393742,4.144502664278582,197.5825561393742,4.144502664278582,0.020976055504389066,2.0976055504389066,0.03866134322541306,0.0008445511195968304,0.03866134322541306,0.0008445511195968304,0.02184484679367493,2.184484679367493,0.0019178545146701054,0.00017027701922174354,0.0019178545146701054,0.00017027701922174354,0.0887851596245992,8.87851596245992,63.6497590207292,1.3351209360470675,63.6497590207292,1.3351209360470675,0.020976056415425715,2.0976056415425717,g
idm,urban,WLTC_urban,G,des_dec,3,194.79034680783684,6.918213513783331,194.79034680783684,6.918213513783331,0.03551620307246661,3.5516203072466612,0.038944137364437637,0.0015095699358805446,0.038944137364437637,0.0015095699358805446,0.03876244379876877,3.876244379876877,0.002133895574535999,0.0002585691597772069,0.002133895574535999,0.0002585691597772069,0.1211723586021453,12.11723586021453,62.75026949569648,2.22865138666711,62.75026949569648,2.22865138666711,0.03551620422634129,3.551620422634129,g
idm,urban,WLTC_urban,G,des_vel,12,196.04607535931657,2.7080645872763274,196.04607535931657,2.7080645872763274,0.013813408823986609,1.3813408823986608,0.03838423719763206,0.0006787404867564133,0.03838423719763206,0.0006787404867564133,0.017682792112338374,1.7682792112338375,0.0019156510534862985,0.00015868968608647154,0.0019156510534862985,0.00015868968608647154,0.08283851372496664,8.283851372496665,63.1547930819485,0.8723830075881712,63.1547930819485,0.8723830075881712,0.013813409323599288,1.3813409323599288,g
idm,urban,WLTC_urban,G,jam_dis_0,8,197.75118239898302,1.4265951935423187,197.75118239898302,1.4265951935423187,0.007214091851365108,0.7214091851365109,0.03877042414178099,0.00027931606913886005,0.03877042414178099,0.00027931606913886005,0.007204359387904008,0.7204359387904008,0.001888028956246741,8.270850141031024e-05,0.001888028956246741,8.270850141031024e-05,0.04380679710269301,4.380679710269301,63.70408076931525,0.45956713753410283,63.70408076931525,0.45956713753410283,0.007214092597902543,0.7214092597902543,g
idm,urban,WLTC_urban,G,max_acc,12,213.2714658878422,6.5220321626091415,213.2714658878422,6.5220321626091415,0.03058089433322987,3.058089433322987,0.042429331513990254,0.001360317313653864,0.042429331513990254,0.001360317313653864,0.032060776475003515,3.2060776475003516,0.0025316417535541256,0.00015219656704154643,0.0025316417535541256,0.00015219656704154643,0.060117734599644854,6.011773459964485,68.70382550520542,2.101024480032399,68.70382550520542,2.101024480032399,0.030580895089651342,3.0580895089651343,g
idm,urban,WLTC_urban,G,safe_head,11,225.79687946052152,17.2088402052091,225.79687946052152,17.2088402052091,0.07621380882820351,7.621380882820351,0.044925849887739386,0.0036501503766257605,0.044925849887739386,0.0036501503766257605,0.08124833221289632,8.124833221289633,0.0026738105711889572,0.000414269367554343,0.0026738105711889572,0.000414269367554343,0.15493594498361596,15.493594498361595,72.73879492254525,5.543700739885873,72.73879492254525,5.543700739885873,0.0762138106053172,7.6213810605317205,g
idm,urban,WLTC_urban,G_HEV,acc_exp,6,110.19798049792922,10.135795767782165,110.19798049792922,10.135795767782165,0.09197805369920214,9.197805369920214,0.0332410532134453,0.0005700219767538362,0.0332410532134453,0.0005700219767538362,0.017148132253621686,1.7148132253621686,0.001882305306000682,0.00016550279952256164,0.001882305306000682,0.00016550279952256164,0.08792558730772748,8.792558730772749,35.49946459931747,3.265171662993431,35.49946459931747,3.265171662993431,0.09197805374947003,9.197805374947004,g
idm,urban,WLTC_urban,G_HEV,des_dec,3,95.20921643593265,11.794008432326082,95.20921643593265,11.794008432326082,0.12387465073050363,12.387465073050363,0.03382571456403932,0.0009571722897931923,0.03382571456403932,0.0009571722897931923,0.028297178703529238,2.8297178703529235,0.0021248689434867135,0.0002545053194061446,0.0021248689434867135,0.0002545053194061446,0.11977459606921681,11.97745960692168,30.67094508423405,3.7993526103180706,30.67094508423405,3.7993526103180706,0.12387465074465775,12.387465074465776,g
idm,urban,WLTC_urban,G_HEV,des_vel,12,107.59524164413419,11.962789115466126,107.59524164413419,11.962789115466126,0.11118325432115711,11.11832543211571,0.03288450058790729,0.0005134998770195985,0.03288450058790729,0.0005134998770195985,0.01561525544980997,1.561525544980997,0.0018757711601956302,0.0001481175999241067,0.0018757711601956302,0.0001481175999241067,0.07896357672364418,7.896357672364418,34.6610115212764,3.853724058805399,34.6610115212764,3.853724058805399,0.11118325431558221,11.11832543155822,g
idm,urban,WLTC_urban,G_HEV,jam_dis_0,8,114.14100055537385,4.366217804688265,114.14100055537385,4.366217804688265,0.03825284326791982,3.825284326791982,0.033539477618497036,0.0002815971740808564,0.033539477618497036,0.0002815971740808564,0.008395991651508474,0.8395991651508474,0.001865996332915974,9.106610357111051e-05,0.001865996332915974,9.106610357111051e-05,0.04880293812196426,4.8802938121964266,36.76967935847147,1.4065447802292075,36.76967935847147,1.4065447802292075,0.03825284323305228,3.825284323305228,g
idm,urban,WLTC_urban,G_HEV,max_acc,12,87.4880127370523,3.7043488567543794,87.4880127370523,3.7043488567543794,0.04234121613766568,4.234121613766568,0.03633046177836074,0.0008461283796181681,0.03633046177836074,0.0008461283796181681,0.02328977772922616,2.3289777729226158,0.002512696188657044,0.00013819865745646044,0.002512696188657044,0.00013819865745646044,0.05500014609021364,5.500014609021364,28.183616404145965,1.1933285928770254,28.183616404145965,1.1933285928770254,0.04234121610814573,4.234121610814573,g
idm,urban,WLTC_urban,G_HEV,safe_head,11,91.8385060500432,10.553161336891886,91.8385060500432,10.553161336891886,0.11490998482860146,11.490998482860146,0.03800849137307025,0.0024218272019592797,0.03800849137307025,0.0024218272019592797,0.06371805653078857,6.371805653078858,0.0026347329159543934,0.00039261672389157714,0.0026347329159543934,0.00039261672389157714,0.1490157584907833,14.90157584907833,29.585095657323166,3.3996228936363906,29.585095657323166,3.3996228936363906,0.11490998484552425,11.490998484552426,g
mfvdm,highway,CADC_highway,B,C1,15,0.0,0.0,0.0,0.0,,,0.0,0.0,0.0,0.0,,,0.0,0.0,0.0,0.0,,,0.16388577921132133,0.00015669681630949304,0.16388577921132133,0.00015669681630949304,0.0009561343092950211,0.09561343092950211,kWh
mfvdm,highway,CADC_highway,B,C2,15,0.0,0.0,0.0,0.0,,,0.0,0.0,0.0,0.0,,,0.0,0.0,0.0,0.0,,,0.16380758686158975,5.777783805466598e-17,0.16380758686158975,5.777783805466598e-17,3.527177169363085e-16,3.527177169363085e-14,kWh
mfvdm,highway,CADC_highway,B,V1,1,0.0,0.0,0.0,0.0,,,0.0,0.0,0.0,0.0,,,0.0,0.0,0.0,0.0,,,0.16344172826097947,0.0,0.16344172826097947,0.0,0.0,0.0,kWh
mfvdm,highway,CADC_highway,B,V2,11,0.0,0.0,0.0,0.0,,,0.0,0.0,0.0,0.0,,,0.0,0.0,0.0,0.0,,,0.1688236250282663,0.005458143223343613,0.1688236250282663,0.005458143223343613,0.03233044677502779,3.2330446775027792,kWh
mfvdm,highway,CADC_highway,B,sens_relvel,9,0.0,0.0,0.0,0.0,,,0.0,0.0,0.0,0.0,,,0.0,0.0,0.0,0.0,,,0.16436091798559238,0.00031870062659010065,0.16436091798559238,0.00031870062659010065,0.001939029244275926,0.1939029244275926,kWh
mfvdm,highway,CADC_highway,B,sens_vel,4,0.0,0.0,0.0,0.0,,,0.0,0.0,0.0,0.0,,,0.0,0.0,0.0,0.0,,,0.16409508409404744,0.00020161215144552013,0.16409508409404744,0.00020161215144552013,0.0012286300504283883,0.12286300504283883,kWh
mfvdm,highway,CADC_highway,D,C1,15,127.36299047245325,0.13209892796759146,127.36299047245325,0.13209892796759146,0.0010371845657641222,0.10371845657641222,0.26715954839351963,0.00041020880024762165,0.26715954839351963,0.00041020880024762165,0.0015354450279403597,0.15354450279403598,0.0006037541877652454,1.7809039756188608e-06,0.0006037541877652454,1.7809039756188608e-06,0.0029497169737418374,0.2949716973741837,40.65202388208961,0.04216365238744832,40.65202388208961,0.04216365238744832,0.0010371845817503,0.10371845817503,g
mfvdm,highway,CADC_highway,D,C2,15,127.28209514701979,4.5828629415032937e-14,127.28209514701979,4.5828629415032937e-14,3.6005558646797606e-16,3.60055586467976e-14,0.2669035578500981,0.0,0.2669035578500981,0.0,0.0,0.0,0.0006030965434380033,1.454609855418324e-19,0.0006030965434380033,1.454609855418324e-19,2.4119021593561067e-16,2.4119021593561067e-14,40.626203518930005,7.105427357601002e-15,40.626203518930005,7.105427357601002e-15,1.7489764590703604e-16,1.7489764590703604e-14,g
mfvdm,highway,CADC_highway,D,V1,1,126.56020277077728,0.0,126.56020277077728,0.0,0.0,0.0,0.26359891634353066,0.0,0.26359891634353066,0.0,0.0,0.0,0.0005920886820695817,0.0,0.0005920886820695817,0.0,0.0,0.0,40.39578818338203,0.0,40.39578818338203,0.0,0.0,0.0,g
mfvdm,highway,CADC_highway,D,V2,11,129.54524045732134,3.6756989041774375,129.54524045732134,3.6756989041774375,0.02837386299335633,2.837386299335633,0.26870241005741413,0.01118293170479872,0.26870241005741413,0.01118293170479872,0.04161827838614936,4.161827838614935,0.0005590306978152575,2.0057472045680815e-05,0.0005590306978152575,2.0057472045680815e-05,0.03587901724192827,3.587901724192827,41.34855965118791,1.1732183667767053,41.34855965118791,1.1732183667767053,0.02837386299967524,2.837386299967524,g
mfvdm,highway,CADC_highway,D,sens_relvel,9,127.56722833538768,0.1591039591345737,127.56722833538768,0.1591039591345737,0.0012472165556209518,0.12472165556209518,0.26733320442332104,0.00029800834098813025,0.26733320442332104,0.00029800834098813025,0.0011147449551991875,0.11147449551991875,0.0006038356015895339,4.7497250944570256e-07,0.0006038356015895339,4.7497250944570256e-07,0.0007865924238242781,0.07865924238242782,40.717213012994115,0.05078318288709579,40.717213012994115,0.05078318288709579,0.0012472165732681487,0.12472165732681487,g
mfvdm,highway,CADC_highway,D,sens_vel,4,127.37169860224924,0.07040463006997735,127.37169860224924,0.07040463006997735,0.0005527494007113295,0.055274940071132955,0.2669206914125732,1.500559393462724e-05,0.2669206914125732,1.500559393462724e-05,5.6217424940779275e-05,0.005621742494077928,0.0006020418055111259,7.095883150369241e-07,0.0006020418055111259,7.095883150369241e-07,0.0011786362816357788,0.11786362816357787,40.6548033637905,0.022471919287470776,40.6548033637905,0.022471919287470776,0.0005527494275740503,0.055274942757405035,g
mfvdm,highway,CADC_highway,D_HEV,C1,15,100.04156452837293,0.12729541085008234,100.04156452837293,0.12729541085008234,0.001272425230954679,0.1272425230954679,0.23124724700227395,0.0003559298202610097,0.23124724700227395,0.0003559298202610097,0.0015391743031540164,0.15391743031540164,0.0005535021029501596,1.7648497768389946e-06,0.0005535021029501596,1.7648497768389946e-06,0.003188515034418779,0.3188515034418779,31.93150580778259,0.04063045336042678,31.93150580778259,0.04063045336042678,0.0012724252218172568,0.1272425221817257,g
mfvdm,highway,CADC_highway,D_HEV,C2,15,100.00989863624484,2.7943999619144933e-14,100.00989863624484,2.7943999619144933e-14,2.7941233818046965e-16,2.7941233818046964e-14,0.2310393039592889,3.510833468576701e-17,0.2310393039592889,3.510833468576701e-17,1.5195827759225504e-16,1.5195827759225504e-14,0.0005528871008207528,1.7482234731686759e-19,0.0005528871008207528,1.7482234731686759e-19,3.1619899805465956e-16,3.1619899805465955e-14,31.921398613486094,4.07921516082138e-12,31.921398613486094,4.07921516082138e-12,1.2778936193284467e-13,1.2778936193284466e-11,g
mfvdm,highway,CADC_highway,D_HEV,V1,1,100.43395987487193,0.0,100.43395987487193,0.0,0.0,0.0,0.22843373871467926,0.0,0.22843373871467926,0.0,0.0,0.0,0.0005427798929270028,0.0,0.0005427798929270028,0.0,0.0,0.0,32.05675149200628,0.0,32.05675149200628,0.0,0.0,0.0,g
mfvdm,highway,CADC_highway,D_HEV,V2,11,110.24932962525672,8.033824913353989,110.24932962525672,8.033824913353989,0.07286960329519811,7.286960329519811,0.2311627856879263,0.009633530665488443,0.2311627856879263,0.009633530665488443,0.04167422812811174,4.167422812811174,0.0005075424953820693,2.1686434304544587e-05,0.0005075424953820693,2.1686434304544587e-05,0.04272831241100198,4.272831241100198,35.189644682506945,2.5642554482669415,35.189644682506945,2.5642554482669415,0.07286960329956538,7.286960329956537,g
mfvdm,highway,CADC_highway,D_HEV,sens_relvel,9,100.28597725040227,0.16242720844531172,100.28597725040227,0.16242720844531172,0.001619640281709078,0.1619640281709078,0.23144783890773202,0.0002592098880761245,0.23144783890773202,0.0002592098880761245,0.0011199494853760981,0.11199494853760981,0.000553674592678017,4.2988306302790066e-07,0.000553674592678017,4.2988306302790066e-07,0.0007764182585092796,0.07764182585092796,32.00951804483529,0.051843905033747834,32.00951804483529,0.051843905033747834,0.0016196402882770928,0.16196402882770927,g
mfvdm,highway,CADC_highway,D_HEV,sens_vel,4,100.31490624745147,0.21483463992934407,100.31490624745147,0.21483463992934407,0.00214160235966728,0.214160235966728,0.23106327635625679,2.307264390200245e-05,0.23106327635625679,2.307264390200245e-05,9.985422290311812e-05,0.009985422290311812,0.0005518520776450866,6.794128667482864e-07,0.0005518520776450866,6.794128667482864e-07,0.0012311503286307063,0.12311503286307063,32.018751671885624,0.06857143416845969,32.018751671885624,0.06857143416845969,0.0021416023607400505,0.21416023607400506,g
mfvdm,highway,CADC_highway,G,C1,15,136.05752157595995,0.23766240190194415,136.05752157595995,0.23766240190194415,0.0017467788560977051,0.17467788560977052,0.025531031249367776,4.1672631227779577e-05,0.025531031249367776,4.1672631227779577e-05,0.0016322345470793122,0.1632234547079312,0.0012771565433513645,5.978124090659206e-06,0.0012771565433513645,5.978124090659206e-06,0.004680807628305386,0.4680807628305386,43.82992454185127,0.07656118395361193,43.82992454185127,0.07656118395361193,0.0017467788218642041,0.1746778821864204,g
mfvdm,highway,CADC_highway,G,C2,15,135.96527013017538,3.519398816063644e-14,135.96527013017538,3.519398816063644e-14,2.5884542520999033e-16,2.5884542520999034e-14,0.025511560316466057,6.938893903907228e-18,0.025511560316466057,6.938893903907228e-18,2.719901808369056e-16,2.7199018083690563e-14,0.001275679291551464,4.51389359802078e-19,0.001275679291551464,4.51389359802078e-19,3.5384235112345854e-16,3.538423511234586e-14,43.80020641915814,1.3356187556109645e-14,43.80020641915814,1.3356187556109645e-14,3.049343518679782e-16,3.0493435186797824e-14,g
mfvdm,highway,CADC_highway,G,V1,1,134.9279087287739,0.0,134.9279087287739,0.0,0.0,0.0,0.025248814621268902,0.0,0.025248814621268902,0.0,0.0,0.0,0.001244864127843522,0.0,0.001244864127843522,0.0,0.0,0.0,43.46602811497909,0.0,43.46602811497909,0.0,0.0,0.0,g
mfvdm,highway,CADC_highway,G,V2,11,135.9080859064328,2.533405474923704,135.9080859064328,2.533405474923704,0.018640579462415877,1.8640579462415878,0.025205102724297955,0.00047460005022111035,0.025205102724297955,0.00047460005022111035,0.01882952255392284,1.882952255392284,0.001092170459022466,0.00010428629631015588,0.001092170459022466,0.00010428629631015588,0.09548536627102702,9.548536627102703,43.78178494498323,0.8161178404765991,43.78178494498323,0.8161178404765991,0.01864057944421735,1.8640579444217351,g
mfvdm,highway,CADC_highway,G,sens_relvel,9,136.28851544185335,0.16753022426157843,136.28851544185335,0.16753022426157843,0.0012292321456319197,0.12292321456319197,0.025562531233180853,3.069458452854735e-05,0.025562531233180853,3.069458452854735e-05,0.0012007646757886386,0.12007646757886387,0.001276891368537627,4.888797020545e-07,0.001276891368537627,4.888797020545e-07,0.00038286710529995556,0.038286710529995556,43.90433750479701,0.05396862117967095,43.90433750479701,0.05396862117967095,0.0012292321043171261,0.12292321043171262,g
mfvdm,highway,CADC_highway,G,sens_vel,4,135.9549191667661,0.01198250105314874,135.9549191667661,0.01198250105314874,8.81358403696351e-05,0.00881358403696351,0.025518683082643434,5.6971129440533245e-06,0.025518683082643434,5.6971129440533245e-06,0.00022325262340548534,0.022325262340548532,0.0012710222651775383,3.050215284539065e-06,0.0012710222651775383,3.050215284539065e-06,0.0023998126296497302,0.23998126296497302,43.79687193358106,0.0038600741044255422,43.79687193358106,0.0038600741044255422,8.813584016409737e-05,0.008813584016409737,g
mfvdm,highway,CADC_highway,G_HEV,C1,15,77.98317646148244,0.22837143262294943,77.98317646148244,0.22837143262294943,0.0029284705110178087,0.2928470511017809,0.021628644647652174,2.902749124594977e-05,0.021628644647652174,2.902749124594977e-05,0.001342085540672136,0.1342085540672136,0.0012334525416615076,5.9675625505568405e-06,0.0012334525416615076,5.9675625505568405e-06,0.004838096602013002,0.48380966020130023,25.121703679437054,0.07356816797240583,25.121703679437054,0.07356816797240583,0.002928470493528821,0.2928470493528821,g
mfvdm,highway,CADC_highway,G_HEV,C2,15,77.97668840848014,3.853310226433342e-12,77.97668840848014,3.853310226433342e-12,4.941618200362412e-14,4.9416182003624124e-12,0.021612717921039602,8.11188057316123e-18,0.021612717921039602,8.11188057316123e-18,3.7532903556125427e-16,3.7532903556125424e-14,0.0012321068214349291,3.878959614448864e-19,0.0012321068214349291,3.878959614448864e-19,3.148233210762824e-16,3.1482332107628236e-14,25.119613602213896,1.943918186677752e-12,25.119613602213896,1.943918186677752e-12,7.738646849672984e-14,7.738646849672984e-12,g
mfvdm,highway,CADC_highway,G_HEV,V1,1,78.982450281551,0.0,78.982450281551,0.0,0.0,0.0,0.021431367273387972,0.0,0.021431367273387972,0.0,0.0,0.0,0.0012020645462619015,0.0,0.0012020645462619015,0.0,0.0,0.0,25.44361235241074,0.0,25.44361235241074,0.0,0.0,0.0,g
mfvdm,highway,CADC_highway,G_HEV,V2,11,92.04540097532376,10.191423230091845,92.04540097532376,10.191423230091845,0.11072169953199552,11.072169953199552,0.02151677471045624,0.00047334250382204747,0.02151677471045624,0.00047334250382204747,0.021998766552685196,2.1998766552685196,0.0010517378941876725,0.00010197838146696571,0.0010517378941876725,0.00010197838146696571,0.09696178299796875,9.696178299796875,29.651745328970573,3.2830916369863226,29.651745328970573,3.2830916369863226,0.11072169953445038,11.072169953445037,g
mfvdm,highway,CADC_highway,G_HEV,sens_relvel,9,78.2605039948147,0.1731599259330581,78.2605039948147,0.1731599259330581,0.002212609389079978,0.22126093890799778,0.02166148216430136,2.970860150460831e-05,0.02166148216430136,2.970860150460831e-05,0.0013714944009495709,0.13714944009495708,0.0012332632464303024,4.6147864173701053e-07,0.0012332632464303024,4.6147864173701053e-07,0.00037419313603382476,0.03741931360338248,25.211042693142232,0.05578218960375323,25.211042693142232,0.05578218960375323,0.002212609382432516,0.2212609382432516,g
mfvdm,highway,CADC_highway,G_HEV,sens_vel,4,78.38757297258329,0.28505165606067595,78.38757297258329,0.28505165606067595,0.003636439364698473,0.3636439364698473,0.021625663039007887,9.722208311964916e-06,0.021625663039007887,9.722208311964916e-06,0.0004495681031572634,0.04495681031572634,0.0012274463642063154,3.058319417704315e-06,0.0012274463642063154,3.058319417704315e-06,0.0024916114519446795,0.24916114519446794,25.25197702559264,0.09182728304860045,25.25197702559264,0.09182728304860045,0.0036364393550467103,0.36364393550467106,g
mfvdm,highway,HWFET,B,V2,3,0.0,0.0,0.0,0.0,,,0.0,0.0,0.0,0.0,,,0.0,0.0,0.0,0.0,,,0.17303338579009445,0.0021535119107871543,0.17303338579009445,0.0021535119107871543,0.012445643948732323,1.2445643948732323,kWh
mfvdm,highway,HWFET,D,V2,3,128.96355387664832,1.0537450243297708,128.96355387664832,1.0537450243297708,0.008170874581648562,0.8170874581648563,0.25770144336364514,0.0018693763206678806,0.25770144336364514,0.0018693763206678806,0.007254039000588695,0.7254039000588696,0.0005186876847452325,1.5655833444108133e-06,0.0005186876847452325,1.5655833444108133e-06,0.0030183545714600724,0.30183545714600724,41.162895534609866,0.3363368570692514,41.162895534609866,0.3363368570692514,0.008170874587441463,0.8170874587441463,g
mfvdm,highway,HWFET,D_HEV,V2,3,114.99497327161426,1.945220255719563,114.99497327161426,1.945220255719563,0.016915698142083293,1.6915698142083293,0.2208822735982783,0.0021209646778523592,0.2208822735982783,0.0021209646778523592,0.009602240339619953,0.9602240339619953,0.0004678681217663995,1.3031285599638875e-06,0.0004678681217663995,1.3031285599638875e-06,0.00278524759294142,0.278524759294142,36.70437057047093,0.6208800527462385,36.70437057047093,0.6208800527462385,0.016915698133391867,1.6915698133391868,g
mfvdm,highway,HWFET,G,V2,3,134.9816447043472,0.8067151267997322,134.9816447043472,0.8067151267997322,0.0059764801989685,0.59764801989685,0.024841127717164624,0.00015911710001316495,0.024841127717164624,0.00015911710001316495,0.006405389554968507,0.6405389554968507,0.0009681431014919867,1.566771645660052e-05,0.0009681431014919867,1.566771645660052e-05,0.016183265090104246,1.6183265090104246,43.48333876758998,0.25987731388311397,43.48333876758998,0.25987731388311397,0.005976480216298658,0.5976480216298657,g
mfvdm,highway,HWFET,G_HEV,V2,3,99.96924356926507,2.3922139333684136,99.96924356926507,2.3922139333684136,0.023929499193528807,2.3929499193528807,0.021320072773690597,0.0001907758910477622,0.021320072773690597,0.0001907758910477622,0.008948181981966945,0.8948181981966945,0.0009302385460740506,1.5039382412831122e-05,0.0009302385460740506,1.5039382412831122e-05,0.01616723202484229,1.616723202484229,32.204352630531055,0.7706340302229931,32.204352630531055,0.7706340302229931,0.023929499191124876,2.3929499191124877,g
mfvdm,highway,WLTC_highway,B,V2,9,0.0,0.0,0.0,0.0,,,0.0,0.0,0.0,0.0,,,0.0,0.0,0.0,0.0,,,0.1697498289482051,0.006004322841039179,0.1697498289482051,0.006004322841039179,0.03537159877122025,3.537159877122025,kWh
mfvdm,highway,WLTC_highway,B,sens_relvel,8,0.0,0.0,0.0,0.0,,,0.0,0.0,0.0,0.0,,,0.0,0.0,0.0,0.0,,,0.16381341500784313,0.00022503319619830698,0.16381341500784313,0.00022503319619830698,0.0013737165310150742,0.13737165310150742,kWh
mfvdm,highway,WLTC_highway,B,sens_vel,3,0.0,0.0,0.0,0.0,,,0.0,0.0,0.0,0.0,,,0.0,0.0,0.0,0.0,,,0.16347849544774726,7.448989563983638e-05,0.16347849544774726,7.448989563983638e-05,0.0004556556226910324,0.04556556226910324,kWh
mfvdm,highway,WLTC_highway,D,V2,9,131.7189945730321,5.910531678699805,131.7189945730321,5.910531678699805,0.04487228055345266,4.487228055345266,0.27774070794014005,0.022582532426683902,0.27774070794014005,0.022582532426683902,0.08130796739940259,8.130796739940259,0.0005651732182741839,1.1717981973283767e-05,0.0005651732182741839,1.1717981973283767e-05,0.020733434625699113,2.073343462569911,42.042383692950196,1.8865376420464504,42.042383692950196,1.8865376420464504,0.04487228069237166,4.487228069237166,g
mfvdm,highway,WLTC_highway,D,sens_relvel,8,127.2384122610037,0.13755619526796223,127.2384122610037,0.13755619526796223,0.0010810901584168914,0.10810901584168914,0.26654246779570123,0.00025863594336045616,0.26654246779570123,0.00025863594336045616,0.0009703367178197463,0.09703367178197463,0.0006029098605338457,5.70360598121984e-07,0.0006029098605338457,5.70360598121984e-07,0.0009460130534553856,0.09460130534553857,40.61226071099812,0.04390551608744278,40.61226071099812,0.04390551608744278,0.001081090176187922,0.1081090176187922,g
mfvdm,highway,WLTC_highway,D,sens_vel,3,126.905346451472,0.008756729383003314,126.905346451472,0.008756729383003314,6.900205253646934e-05,0.006900205253646935,0.2659713961286313,6.254731392084896e-05,0.2659713961286313,6.254731392084896e-05,0.00023516556603928683,0.023516556603928682,0.000600901969966477,4.808165528456087e-07,0.000600901969966477,4.808165528456087e-07,0.0008001580571826589,0.08001580571826589,40.50595196906528,0.00279499360200466,40.50595196906528,0.00279499360200466,6.900204701124464e-05,0.006900204701124464,g
mfvdm,highway,WLTC_highway,D_HEV,V2,9,113.0281087125454,8.874174367142675,113.0281087125454,8.874174367142675,0.0785129864440322,7.8512986444032205,0.23896955445919266,0.019863752913867837,0.23896955445919266,0.019863752913867837,0.08312252562390682,8.312252562390682,0.0005123925717730924,9.95942622426504e-06,0.0005123925717730924,9.95942622426504e-06,0.019437101107459977,1.9437101107459978,36.076582037121625,2.832480196848151,36.076582037121625,2.832480196848151,0.07851298645569088,7.851298645569088,g
mfvdm,highway,WLTC_highway,D_HEV,sens_relvel,8,99.87788283702986,0.11405416533538258,99.87788283702986,0.11405416533538258,0.0011419361533872728,0.11419361533872728,0.2308008281198763,0.00022449204281521304,0.2308008281198763,0.00022449204281521304,0.0009726656730131552,0.09726656730131553,0.0005529693613598025,5.215379847457087e-07,0.0005529693613598025,5.215379847457087e-07,0.0009431589183588741,0.09431589183588741,31.879261494402257,0.03640408138287989,31.879261494402257,0.03640408138287989,0.0011419361577517145,0.11419361577517145,g
mfvdm,highway,WLTC_highway,D_HEV,sens_vel,3,99.76463547071239,0.08557031482985077,99.76463547071239,0.08557031482985077,0.0008577219214615522,0.08577219214615522,0.23025539520723112,4.425894390303433e-05,0.23025539520723112,4.425894390303433e-05,0.00019221675072239258,0.019221675072239257,0.0005508661739995565,4.4702674608755436e-07,0.0005508661739995565,4.4702674608755436e-07,0.0008114979049120454,0.08114979049120453,31.843114930065102,0.027312537192896197,31.843114930065102,0.027312537192896197,0.000857721904809906,0.0857721904809906,g
mfvdm,highway,WLTC_highway,G,V2,9,137.33059606865234,4.215298381554216,137.33059606865234,4.215298381554216,0.0306945320432962,3.06945320432962,0.025465993009068193,0.0008969230472567987,0.025465993009068193,0.0008969230472567987,0.03522042305349778,3.5220423053497782,0.0010817587841915192,6.392623703483575e-05,0.0010817587841915192,6.392623703483575e-05,0.059094724229683704,5.909472422968371,44.24003606568266,1.357927193317616,44.24003606568266,1.357927193317616,0.03069453178793791,3.069453178793791,g
mfvdm,highway,WLTC_highway,G,sens_relvel,8,136.02812631633395,0.1536506423856511,136.02812631633395,0.1536506423856511,0.0011295505315447477,0.11295505315447477,0.02549222022857536,2.659446758943839e-05,0.02549222022857536,2.659446758943839e-05,0.001043238578318395,0.1043238578318395,0.0012771539224389447,9.39053330511098e-07,0.0012771539224389447,9.39053330511098e-07,0.0007352702865429207,0.07352702865429207,43.82045507308437,0.04949741747849781,43.82045507308437,0.04949741747849781,0.0011295505123336883,0.11295505123336883,g
mfvdm,highway,WLTC_highway,G,sens_vel,3,135.56278430332438,0.02343408640698904,135.56278430332438,0.02343408640698904,0.00017286518956821374,0.017286518956821373,0.02542859744882014,2.2967312306053333e-06,0.02542859744882014,2.2967312306053333e-06,9.032079866881919e-05,0.009032079866881919,0.0012710171205095138,1.731076515889701e-06,0.0012710171205095138,1.731076515889701e-06,0.0013619616037868654,0.13619616037868654,43.670548587305255,0.007549117464255489,43.670548587305255,0.007549117464255489,0.00017286518508379737,0.01728651850837974,g
mfvdm,highway,WLTC_highway,G_HEV,V2,9,94.6752225059033,9.822132458695977,94.6752225059033,9.822132458695977,0.10374554396303146,10.374554396303145,0.02176119516511783,0.0008681056252036684,0.02176119516511783,0.0008681056252036684,0.03989236889870832,3.989236889870832,0.0010423358375921908,6.16735328656942e-05,0.0010423358375921908,6.16735328656942e-05,0.05916858141245614,5.916858141245614,30.498922889752585,3.1641273458343995,30.498922889752585,3.1641273458343995,0.10374554397452256,10.374554397452256,g
mfvdm,highway,WLTC_highway,G_HEV,sens_relvel,8,77.81117840596949,0.10595955489781576,77.81117840596949,0.10595955489781576,0.0013617523480364976,0.13617523480364976,0.021598121771800396,2.462259153170378e-05,0.021598121771800396,2.462259153170378e-05,0.0011400339247948997,0.11400339247948997,0.001233717086246323,9.609202378991376e-07,0.001233717086246323,9.609202378991376e-07,0.000778882167242094,0.0778882167242094,25.0662957780663,0.034134086901249534,25.0662957780663,0.034134086901249534,0.0013617523388165635,0.13617523388165634,g
mfvdm,highway,WLTC_highway,G_HEV,sens_vel,3,77.80818925204814,0.12182113628304031,77.80818925204814,0.12182113628304031,0.0015656595720075009,0.1565659572007501,0.021546843611073414,5.788109291795516e-07,0.021546843611073414,5.788109291795516e-07,2.6862910393153247e-05,0.002686291039315325,0.001227690082360904,1.7014445051801314e-06,0.001227690082360904,1.7014445051801314e-06,0.001385890893496652,0.13858908934966518,25.065332843588905,0.03924377824288796,25.065332843588905,0.03924377824288796,0.0015656595700433936,0.15656595700433937,g
mfvdm,rural,CADC_rural,B,C1,15,0.0,0.0,0.0,0.0,,,0.0,0.0,0.0,0.0,,,0.0,0.0,0.0,0.0,,,0.16516182392977735,9.373273305747237e-05,0.16516182392977735,9.373273305747237e-05,0.0005675205736243574,0.05675205736243574,kWh
mfvdm,rural,CADC_rural,B,C2,15,0.0,0.0,0.0,0.0,,,0.0,0.0,0.0,0.0,,,0.0,0.0,0.0,0.0,,,0.1650777327338137,3.284083995358298e-17,0.1650777327338137,3.284083995358298e-17,1.9894167074937068e-16,1.9894167074937067e-14,kWh
mfvdm,rural,CADC_rural,B,V1,4,0.0,0.0,0.0,0.0,,,0.0,0.0,0.0,0.0,,,0.0,0.0,0.0,0.0,,,0.16630844101044842,0.0013916693497217217,0.16630844101044842,0.0013916693497217217,0.00836800189615324,0.836800189615324,kWh
mfvdm,rural,CADC_rural,B,V2,6,0.0,0.0,0.0,0.0,,,0.0,0.0,0.0,0.0,,,0.0,0.0,0.0,0.0,,,0.16562000895123571,0.0007268206311302981,0.16562000895123571,0.0007268206311302981,0.004388483225745383,0.43884832257453826,kWh
mfvdm,rural,CADC_rural,B,sens_relvel,10,0.0,0.0,0.0,0.0,,,0.0,0.0,0.0,0.0,,,0.0,0.0,0.0,0.0,,,0.16513857297390627,7.414760201012516e-05,0.16513857297390627,7.414760201012516e-05,0.0004490023177192,0.04490023177192,kWh
mfvdm,rural,CADC_rural,B,sens_vel,13,0.0,0.0,0.0,0.0,,,0.0,0.0,0.0,0.0,,,0.0,0.0,0.0,0.0,,,0.16496447901013772,0.00010683767627728158,0.16496447901013772,0.00010683767627728158,0.0006476404915673755,0.06476404915673754,kWh
mfvdm,rural,CADC_rural,D,C1,15,129.2093580509109,0.19472664966633674,129.2093580509109,0.19472664966633674,0.0015070630533557082,0.15070630533557083,0.2724246025144239,0.00039351750040339084,0.2724246025144239,0.00039351750040339084,0.001444500594921692,0.1444500594921692,0.0006169779048911365,2.1433536706807976e-06,0.0006169779048911365,2.1433536706807976e-06,0.003473955312968597,0.34739553129685974,41.241351900254045,0.062153317417773114,41.241351900254045,0.062153317417773114,0.0015070630460440907,0.15070630460440906,g
mfvdm,rural,CADC_rural,D,C2,15,129.08276945713163,1.976416055700335e-12,129.08276945713163,1.976416055700335e-12,1.531123064691219e-14,1.531123064691219e-12,0.272004028361529,0.0,0.272004028361529,0.0,0.0,0.0,0.0006160450837611938,1.427418488539818e-19,0.0006160450837611938,1.427418488539818e-19,2.317068224657967e-16,2.3170682246579672e-14,41.20094705157895,1.2710574864626037e-14,41.20094705157895,1.2710574864626037e-14,3.085020072163348e-16,3.085020072163348e-14,g
mfvdm,rural,CADC_rural,D,V1,4,130.67320077285407,1.803296285578804,130.67320077285407,1.803296285578804,0.013800046795466718,1.3800046795466718,0.2786366074584907,0.007738533617927307,0.2786366074584907,0.007738533617927307,0.027772853281958432,2.7772853281958434,0.0006375060607971147,2.509131437966645e-05,0.0006375060607971147,2.509131437966645e-05,0.039358550330161834,3.9358550330161837,41.70858472095954,0.5755804215270413,41.70858472095954,0.5755804215270413,0.013800046809974795,1.3800046809974795,g
mfvdm,rural,CADC_rural,D,V2,6,130.00818803215387,1.5198348685111995,130.00818803215387,1.5198348685111995,0.011690301138073789,1.1690301138073789,0.27219317181849206,0.00484725257131019,0.27219317181849206,0.00484725257131019,0.017808134344172704,1.7808134344172704,0.0006032574058416087,1.7477157537781088e-05,0.0006032574058416087,1.7477157537781088e-05,0.0289713103702367,2.89713103702367,41.49632436473923,0.4851045300354381,41.49632436473923,0.4851045300354381,0.011690301188402294,1.1690301188402294,g
mfvdm,rural,CADC_rural,D,sens_relvel,10,129.34223581266752,0.329574318370462,129.34223581266752,0.329574318370462,0.002548079645443891,0.2548079645443891,0.27278187433457124,0.00095346699844418,0.27278187433457124,0.00095346699844418,0.0034953458721188263,0.34953458721188263,0.0006158719805297864,1.4234416326348351e-06,0.0006158719805297864,1.4234416326348351e-06,0.002311262206490316,0.2311262206490316,41.28376414301364,0.10519431940645846,41.28376414301364,0.10519431940645846,0.0025480796528642184,0.25480796528642186,g
mfvdm,rural,CADC_rural,D,sens_vel,13,128.97385791737108,0.10176470007873237,128.97385791737108,0.10176470007873237,0.0007890335430915725,0.07890335430915725,0.27182666574146813,0.00015687158039040546,0.27182666574146813,0.00015687158039040546,0.0005771015141671369,0.05771015141671369,0.0006164409784329432,3.8549647675287283e-07,0.0006164409784329432,3.8549647675287283e-07,0.0006253582909637916,0.06253582909637916,41.16618440411082,0.03248150022857836,41.16618440411082,0.03248150022857836,0.0007890335404836496,0.07890335404836496,g
mfvdm,rural,CADC_rural,D_HEV,C1,15,101.17640248886902,0.5571007337168336,101.17640248886902,0.5571007337168336,0.005506231888192737,0.5506231888192736,0.2357540212315967,0.0002927070192252233,0.2357540212315967,0.0002927070192252233,0.0012415780553650788,0.12415780553650788,0.0005656205492364746,2.2199897752047636e-06,0.0005656205492364746,2.2199897752047636e-06,0.003924874685337202,0.3924874685337202,32.29372610223009,0.1778167445621697,32.29372610223009,0.1778167445621697,0.005506231891583744,0.5506231891583744,g
mfvdm,rural,CADC_rural,D_HEV,C2,15,101.1100254324995,2.6211715106369173e-12,101.1100254324995,2.6211715106369173e-12,2.592395263896751e-14,2.592395263896751e-12,0.23540750222827656,8.539821264374527e-17,0.23540750222827656,8.539821264374527e-17,3.6276759166721006e-16,3.627675916672101e-14,0.0005646950515633892,1.0474388100349673e-19,0.0005646950515633892,1.0474388100349673e-19,1.854875135057542e-16,1.854875135057542e-14,32.27253971461734,1.4210854715202004e-14,32.27253971461734,1.4210854715202004e-14,4.4033890238782233e-16,4.4033890238782235e-14,g
mfvdm,rural,CADC_rural,D_HEV,V1,4,100.49673861095681,0.7950835111757081,100.49673861095681,0.7950835111757081,0.007911535460405706,0.7911535460405705,0.2406227711274957,0.006072743876511172,0.2406227711274957,0.006072743876511172,0.025237610921260173,2.5237610921260174,0.0005843262355446922,2.2877592255788962e-05,0.0005843262355446922,2.2877592255788962e-05,0.039152088104452684,3.9152088104452685,32.07678935969007,0.2537766565344118,32.07678935969007,0.2537766565344118,0.007911535462253129,0.7911535462253129,g
mfvdm,rural,CADC_rural,D_HEV,V2,6,104.39112904955967,3.9022303264877345,104.39112904955967,3.9022303264877345,0.03738086140092566,3.738086140092566,0.23532535869581664,0.003616112893328256,0.23532535869581664,0.003616112893328256,0.015366439525977611,1.536643952597761,0.0005517563764733938,1.699173131558191e-05,0.0005517563764733938,1.699173131558191e-05,0.030795713543332773,3.0795713543332774,33.3198102137007,1.245523207629726,33.3198102137007,1.245523207629726,0.03738086140471419,3.7380861404714185,g
mfvdm,rural,CADC_rural,D_HEV,sens_relvel,10,101.57746899819605,0.7092173862936202,101.57746899819605,0.7092173862936202,0.006982034434291874,0.6982034434291874,0.2359671741843116,0.0005985051453372257,0.2359671741843116,0.0005985051453372257,0.0025363915443159875,0.25363915443159873,0.0005644534691837081,1.5609263324614652e-06,0.0005644534691837081,1.5609263324614652e-06,0.0027653764529409655,0.2765376452940965,32.42173946952216,0.22636970163720055,32.42173946952216,0.22636970163720055,0.006982034441736166,0.6982034441736166,g
mfvdm,rural,CADC_rural,D_HEV,sens_vel,13,100.8652101263696,0.22917641382683165,100.8652101263696,0.22917641382683165,0.0022721056501018196,0.22721056501018194,0.23529740536598323,0.00011038339269134292,0.23529740536598323,0.00011038339269134292,0.00046912286397570693,0.046912286397570696,0.00056524545062962,4.948747886009935e-07,0.00056524545062962,4.948747886009935e-07,0.0008755042398833259,0.0875504239883326,32.194398979646714,0.07314907599651757,32.194398979646714,0.07314907599651757,0.0022721056554825697,0.22721056554825697,g
mfvdm,rural,CADC_rural,G,C1,15,137.9307091777029,0.12631526218335448,137.9307091777029,0.12631526218335448,0.0009157878106797546,0.09157878106797546,0.025941911831899544,3.0731999938059736e-05,0.025941911831899544,3.0731999938059736e-05,0.0011846466882317458,0.11846466882317458,0.001304162878980508,8.463732263149514e-06,0.001304162878980508,8.463732263149514e-06,0.006489781605933911,0.6489781605933911,44.433358077451985,0.04069152660207189,44.433358077451985,0.04069152660207189,0.0009157877856348897,0.09157877856348896,g
mfvdm,rural,CADC_rural,G,C2,15,137.80726259215106,7.338453819646733e-15,137.80726259215106,7.338453819646733e-15,5.3251575291538384e-17,5.325157529153838e-15,0.02591100975340467,1.1610990315520314e-17,0.02591100975340467,1.1610990315520314e-17,4.481102985187463e-16,4.4811029851874627e-14,0.0013020256116950076,2.168404344971009e-19,0.0013020256116950076,2.168404344971009e-19,1.6654083648539978e-16,1.6654083648539978e-14,44.39359067341548,8.204640795236539e-15,44.39359067341548,8.204640795236539e-15,1.848158860497351e-16,1.848158860497351e-14,g
mfvdm,rural,CADC_rural,G,V1,4,140.09040976798144,2.5896835899344683,140.09040976798144,2.5896835899344683,0.018485802091831392,1.8485802091831391,0.026460133350433193,0.0006332990882283877,0.026460133350433193,0.0006332990882283877,0.023934085283739498,2.39340852837395,0.0013618517908732769,6.956528990289907e-05,0.0013618517908732769,6.956528990289907e-05,0.05108139547130225,5.108139547130225,45.12908965360472,0.8342474201588971,45.12908965360472,0.8342474201588971,0.018485802097101704,1.8485802097101705,g
mfvdm,rural,CADC_rural,G,V2,6,137.79417820832444,1.1216436716880411,137.79417820832444,1.1216436716880411,0.008139993186013139,0.8139993186013139,0.025831768951414744,0.00026429302459992857,0.025831768951414744,0.00026429302459992857,0.010231317301460064,1.0231317301460063,0.0012515518137044218,6.298870975467398e-05,0.0012515518137044218,6.298870975467398e-05,0.05032848745449542,5.032848745449542,44.38937563304402,0.36132921161189563,44.38937563304402,0.36132921161189563,0.008139993105533063,0.8139993105533063,g
mfvdm,rural,CADC_rural,G,sens_relvel,10,137.89478729056026,0.1257046029690985,137.89478729056026,0.1257046029690985,0.0009115979323005471,0.09115979323005471,0.025949698235060176,5.31271538021501e-05,0.025949698235060176,5.31271538021501e-05,0.0020473129714614928,0.20473129714614927,0.001298665474273817,7.445808617430345e-06,0.001298665474273817,7.445808617430345e-06,0.005733430791015574,0.5733430791015574,44.421786106522006,0.0404948097005562,44.421786106522006,0.0404948097005562,0.0009115979623928439,0.09115979623928439,g
mfvdm,rural,CADC_rural,G,sens_vel,13,137.76929032225513,0.034331007034886375,137.76929032225513,0.034331007034886375,0.000249192014813918,0.024919201481391803,0.025892761008229823,1.666276251539867e-05,0.025892761008229823,1.666276251539867e-05,0.0006435297691931166,0.06435297691931166,0.0013047039054010082,2.426528541857048e-06,0.0013047039054010082,2.426528541857048e-06,0.0018598308258387871,0.18598308258387872,44.38135818782413,0.011059480272524569,44.38135818782413,0.011059480272524569,0.0002491920194447474,0.024919201944474736,g
mfvdm,rural,CADC_rural,G_HEV,C1,15,78.55991558978295,0.7081044812707132,78.55991558978295,0.7081044812707132,0.009013559599124686,0.9013559599124686,0.021979090422171513,2.814611541456731e-05,0.021979090422171513,2.814611541456731e-05,0.0012805859966877782,0.1280585996687778,0.0012604397627769708,8.826550968581405e-06,0.0012604397627769708,8.826550968581405e-06,0.007002755093297722,0.7002755093297722,25.307495925026306,0.2281106227711366,25.307495925026306,0.2281106227711366,0.009013559597003057,0.9013559597003057,g
mfvdm,rural,CADC_rural,G_HEV,C2,15,78.52856420148663,2.846277282130823e-12,78.52856420148663,2.846277282130823e-12,3.62451206267813e-14,3.62451206267813e-12,0.021954133897378,5.594315114139763e-18,0.021954133897378,5.594315114139763e-18,2.548183016597114e-16,2.548183016597114e-14,0.0012587102468055065,4.2639159575111287e-19,0.0012587102468055065,4.2639159575111287e-19,3.387527803426217e-16,3.387527803426217e-14,25.297396308087304,6.740800259667266e-15,25.297396308087304,6.740800259667266e-15,2.6646221522458835e-16,2.6646221522458836e-14,g
mfvdm,rural,CADC_rural,G_HEV,V1,4,76.86961149371368,2.0027606549157353,76.86961149371368,2.0027606549157353,0.026053997359925765,2.6053997359925765,0.02233734533628427,0.0004425257005852056,0.02233734533628427,0.0004425257005852056,0.019811024717712407,1.9811024717712407,0.0013164969957535435,6.728383019443464e-05,0.0013164969957535435,6.728383019443464e-05,0.05110822919570915,5.110822919570915,24.76297695856251,0.6451745364665239,24.76297695856251,0.6451745364665239,0.02605399736655799,2.6053997366557993,g
mfvdm,rural,CADC_rural,G_HEV,V2,6,82.82178718779532,5.045831063974091,82.82178718779532,5.045831063974091,0.060923957756826186,6.092395775682618,0.02197632840141776,0.0001992019212013838,0.02197632840141776,0.0001992019212013838,0.009064385895713711,0.9064385895713711,0.0012067937675218135,6.381816817191058e-05,0.0012067937675218135,6.381816817191058e-05,0.05288241445177751,5.288241445177751,26.68042634811877,1.6254771682987341,26.68042634811877,1.6254771682987341,0.06092395777675967,6.092395777675967,g
mfvdm,rural,CADC_rural,G_HEV,sens_relvel,10,79.07132154290076,0.8720683892811576,79.07132154290076,0.8720683892811576,0.011028883446800747,1.1028883446800748,0.021996658617463964,5.377663449362839e-05,0.021996658617463964,5.377663449362839e-05,0.002444763790211897,0.2444763790211897,0.0012541364444796324,9.167453752364775e-06,0.0012541364444796324,9.167453752364775e-06,0.007309773823029714,0.7309773823029714,25.47224157123035,0.2809303837092951,25.47224157123035,0.2809303837092951,0.011028883458242333,1.1028883458242333,g
mfvdm,rural,CADC_rural,G_HEV,sens_vel,13,78.22913964970893,0.2774049862124856,78.22913964970893,0.2774049862124856,0.0035460569738416875,0.35460569738416875,0.021935954197332606,1.6793995967641516e-05,0.021935954197332606,1.6793995967641516e-05,0.0007655922243712404,0.07655922243712404,0.0012614131045615433,2.4488636892236513e-06,0.0012614131045615433,2.4488636892236513e-06,0.0019413653468225668,0.19413653468225667,25.20093890240816,0.08936396529167653,25.20093890240816,0.08936396529167653,0.0035460569797713787,0.35460569797713787,g
mfvdm,rural,Ford_focus,B,C1,15,0.0,0.0,0.0,0.0,,,0.0,0.0,0.0,0.0,,,0.0,0.0,0.0,0.0,,,0.1859068906976667,0.0010356396582421477,0.1859068906976667,0.0010356396582421477,0.0055707437973688085,0.5570743797368809,kWh
mfvdm,rural,Ford_focus,B,C2,15,0.0,0.0,0.0,0.0,,,0.0,0.0,0.0,0.0,,,0.0,0.0,0.0,0.0,,,0.18561222758660015,1.4332917616497526e-17,0.18561222758660015,1.4332917616497526e-17,7.721968430021826e-17,7.721968430021826e-15,kWh
mfvdm,rural,Ford_focus,B,V1,4,0.0,0.0,0.0,0.0,,,0.0,0.0,0.0,0.0,,,0.0,0.0,0.0,0.0,,,0.18661319964903364,0.0011542399941821397,0.18661319964903364,0.0011542399941821397,0.006185200169939409,0.6185200169939409,kWh
mfvdm,rural,Ford_focus,B,V2,5,0.0,0.0,0.0,0.0,,,0.0,0.0,0.0,0.0,,,0.0,0.0,0.0,0.0,,,0.18616523578475958,0.0005883658643112692,0.18616523578475958,0.0005883658643112692,0.0031604497038938343,0.31604497038938345,kWh
mfvdm,rural,Ford_focus,B,sens_relvel,9,0.0,0.0,0.0,0.0,,,0.0,0.0,0.0,0.0,,,0.0,0.0,0.0,0.0,,,0.18634490240775015,0.0013998338633265538,0.18634490240775015,0.0013998338633265538,0.007512058796561608,0.7512058796561608,kWh
mfvdm,rural,Ford_focus,B,sens_vel,13,0.0,0.0,0.0,0.0,,,0.0,0.0,0.0,0.0,,,0.0,0.0,0.0,0.0,,,0.18515273696172316,0.0004764639369955556,0.18515273696172316,0.0004764639369955556,0.002573356164289678,0.2573356164289678,kWh
mfvdm,rural,Ford_focus,D,C1,15,150.59803638572697,2.606738768570099,150.59803638572697,2.606738768570099,0.01730924805615297,1.730924805615297,0.3325141181624032,0.003232745109801135,0.3325141181624032,0.003232745109801135,0.009722128875809808,0.9722128875809808,0.00077274788173877,5.286119959710444e-06,0.00077274788173877,5.286119959710444e-06,0.00684067868010984,0.6840678680109841,48.068241401208056,0.8320251139907406,48.068241401208056,0.8320251139907406,0.017309248055199917,1.7309248055199917,g
mfvdm,rural,Ford_focus,D,C2,15,149.7785715443426,4.987525489875988e-12,149.7785715443426,4.987525489875988e-12,3.329932605479155e-14,3.3299326054791547e-12,0.3309700780703867,1.0725773414758065e-16,0.3309700780703867,1.0725773414758065e-16,3.2407078843172757e-16,3.240707884317276e-14,0.0007712963461357311,2.391806675716455e-19,0.0007712963461357311,2.391806675716455e-19,3.101021660091658e-16,3.101021660091658e-14,47.80668265284848,1.93533894228849e-12,47.80668265284848,1.93533894228849e-12,4.048260274284428e-14,4.048260274284428e-12,g
mfvdm,rural,Ford_focus,D,V1,4,150.85927211698072,1.3209983142120754,150.85927211698072,1.3209983142120754,0.008756494020385664,0.8756494020385663,0.33457970385286995,0.004371249670759,0.33457970385286995,0.004371249670759,0.013064897901521365,1.3064897901521366,0.0007832979466252852,1.4342423913698926e-05,0.0007832979466252852,1.4342423913698926e-05,0.01831030449587029,1.8310304495870289,48.15162324835984,0.42163940342377193,48.15162324835984,0.42163940342377193,0.008756494069763972,0.8756494069763973,g
mfvdm,rural,Ford_focus,D,V2,5,152.21520277506653,2.553970756047876,152.21520277506653,2.553970756047876,0.016778683794298546,1.6778683794298546,0.3330838464499328,0.003110228780396624,0.3330838464499328,0.003110228780396624,0.009337675223659145,0.9337675223659145,0.0007535594314561929,2.8013384366814992e-05,0.0007535594314561929,2.8013384366814992e-05,0.03717475118409889,3.717475118409889,48.58441244499234,0.8151825053449094,48.58441244499234,0.8151825053449094,0.016778684033029432,1.6778684033029432,g
mfvdm,rural,Ford_focus,D,sens_relvel,9,153.21062065613282,4.221558595032691,153.21062065613282,4.221558595032691,0.027553955312977888,2.755395531297789,0.3372346429807496,0.007678185764545841,0.3372346429807496,0.007678185764545841,0.022768081288090367,2.2768081288090367,0.0007651430633924925,1.3850250606362693e-05,0.0007651430633924925,1.3850250606362693e-05,0.018101517571045382,1.8101517571045382,48.902132306141475,1.3474471796972718,48.902132306141475,1.3474471796972718,0.02755395554659791,2.755395554659791,g
mfvdm,rural,Ford_focus,D,sens_vel,13,149.04406267575,0.7879730213409364,149.04406267575,0.7879730213409364,0.005286846099030434,0.5286846099030433,0.33048518567122653,0.0005333673297141069,0.33048518567122653,0.0005333673297141069,0.0016138917955757076,0.16138917955757076,0.0007745093486348404,3.124646550643581e-06,0.0007745093486348404,3.124646550643581e-06,0.004034356145798783,0.4034356145798783,47.57224035562264,0.2515071133012925,47.57224035562264,0.2515071133012925,0.005286846098085151,0.5286846098085151,g
mfvdm,rural,Ford_focus,D_HEV,C1,15,112.8498624888247,4.516580792248085,112.8498624888247,4.516580792248085,0.04002291799598208,4.002291799598208,0.28662364303025484,0.0027469150420442864,0.28662364303025484,0.0027469150420442864,0.009583700119792048,0.9583700119792048,0.0007080790534883407,5.364142812603148e-06,0.0007080790534883407,5.364142812603148e-06,0.007575627023814333,0.7575627023814333,36.01968898058382,1.441613058206251,36.01968898058382,1.441613058206251,0.040022917993082704,4.002291799308271,g
mfvdm,rural,Ford_focus,D_HEV,C2,15,112.05001558847991,5.086689376834919e-12,112.05001558847991,5.086689376834919e-12,4.5396596779749955e-14,4.539659677974996e-12,0.2857083134102462,4.7536909884997324e-17,0.2857083134102462,4.7536909884997324e-17,1.6638266250495646e-16,1.6638266250495645e-14,0.0007077168838793761,1.0474388100349673e-19,0.0007077168838793761,1.0474388100349673e-19,1.4800251822358582e-16,1.4800251822358583e-14,35.76439193313222,1.684463908602322e-12,35.76439193313222,1.684463908602322e-12,4.709891088744698e-14,4.709891088744698e-12,g
mfvdm,rural,Ford_focus,D_HEV,V1,4,111.65280934811146,0.4699179545363624,111.65280934811146,0.4699179545363624,0.004208742773961476,0.42087427739614763,0.28851249378708455,0.0034314248799812317,0.28851249378708455,0.0034314248799812317,0.01189350532082518,1.189350532082518,0.0007190207783089589,1.3519386990307767e-05,0.0007190207783089589,1.3519386990307767e-05,0.01880249833962179,1.880249833962179,35.637610696447446,0.14998953654935837,35.637610696447446,0.14998953654935837,0.004208742775348578,0.42087427753485773,g
mfvdm,rural,Ford_focus,D_HEV,V2,5,118.17618671145483,7.769098663323782,118.17618671145483,7.769098663323782,0.06574165980066035,6.574165980066035,0.2868862113043396,0.0017852455993518906,0.2868862113043396,0.0017852455993518906,0.006222835148594979,0.6222835148594978,0.0006890191707360302,2.79622597193257e-05,0.0006890191707360302,2.79622597193257e-05,0.04058270205958944,4.058270205958944,37.71975788405648,2.479759490450269,37.71975788405648,2.479759490450269,0.06574165979730275,6.5741659797302745,g
mfvdm,rural,Ford_focus,D_HEV,sens_relvel,9,118.01296577321091,7.855506308313383,118.01296577321091,7.855506308313383,0.06656477325897857,6.656477325897857,0.29001740202478543,0.005484857488687977,0.29001740202478543,0.005484857488687977,0.01891216682307647,1.8912166823076468,0.0006994390494264556,1.4715720756104062e-05,0.0006994390494264556,1.4715720756104062e-05,0.021039318248203393,2.1039318248203394,37.66766063436212,2.5073392895358997,37.66766063436212,2.5073392895358997,0.06656477326464476,6.656477326464476,g
mfvdm,rural,Ford_focus,D_HEV,sens_vel,13,110.33441014136605,1.695606659711583,110.33441014136605,1.695606659711583,0.015367886206479789,1.5367886206479788,0.28493130163699915,0.0007299646837032386,0.28493130163699915,0.0007299646837032386,0.0025618971292708636,0.25618971292708637,0.000710292134238436,2.643465107802054e-06,0.000710292134238436,2.643465107802054e-06,0.003721658991249193,0.3721658991249193,35.216800885039056,0.5412077889672274,35.216800885039056,0.5412077889672274,0.01536788621811317,1.5367886218113171,g
mfvdm,rural,Ford_focus,G,C1,15,161.59272272649267,1.2542630309375968,161.59272272649267,1.2542630309375968,0.007761878194604886,0.7761878194604885,0.03103226299004071,0.0003030777673744729,0.03103226299004071,0.0003030777673744729,0.009766537731126495,0.9766537731126494,0.0016460700275688724,4.244988068848729e-05,0.0016460700275688724,4.244988068848729e-05,0.025788623799427736,2.5788623799427737,52.05590078239712,0.4040515608811702,52.05590078239712,0.4040515608811702,0.007761878188798947,0.7761878188798946,g
mfvdm,rural,Ford_focus,G,C2,15,160.77991642450843,4.5995658286967796e-12,160.77991642450843,4.5995658286967796e-12,2.8607838161530764e-14,2.8607838161530764e-12,0.030822053536295073,8.913170603436999e-18,0.030822053536295073,8.913170603436999e-18,2.891815950206281e-16,2.8918159502062806e-14,0.0016425753837863506,4.91292350203871e-19,0.0016425753837863506,4.91292350203871e-19,2.9909881461353575e-16,2.990988146135357e-14,51.794061243276126,2.263956861199504e-12,51.794061243276126,2.263956861199504e-12,4.3710742252199995e-14,4.371074225219999e-12,g
mfvdm,rural,Ford_focus,G,V1,4,162.28487204088037,1.7693873654158332,162.28487204088037,1.7693873654158332,0.010902971689006944,1.0902971689006944,0.031138425184686715,0.00037052780485149274,0.031138425184686715,0.00037052780485149274,0.011899375214187494,1.1899375214187495,0.0016763941870176799,3.9168045080068044e-05,0.0016763941870176799,3.9168045080068044e-05,0.023364460091422973,2.336446009142297,52.27887156201004,0.569995051839125,52.27887156201004,0.569995051839125,0.010902971598440708,1.0902971598440707,g
mfvdm,rural,Ford_focus,G,V2,5,160.98049545504165,0.8897954332863872,160.98049545504165,0.8897954332863872,0.005527349327452454,0.5527349327452454,0.03097037995366886,0.00019260297731932743,0.03097037995366886,0.00019260297731932743,0.006218941375839046,0.6218941375839047,0.001559395284025164,0.00012183697445907877,0.001559395284025164,0.00012183697445907877,0.07813091119821078,7.8130911198210775,51.85867627724806,0.286641036997151,51.85867627724806,0.286641036997151,0.005527349665940257,0.5527349665940257,g
mfvdm,rural,Ford_focus,G,sens_relvel,9,162.3287750492899,1.9079300267930126,162.3287750492899,1.9079300267930126,0.01175349241817222,1.175349241817222,0.031307757203730774,0.0005324670560918948,0.031307757203730774,0.0005324670560918948,0.017007511992217814,1.7007511992217814,0.0015928508919196911,8.045912946126554e-05,0.0015928508919196911,8.045912946126554e-05,0.05051265618735778,5.051265618735778,52.29301457526972,0.6146255465323993,52.29301457526972,0.6146255465323993,0.011753492345477946,1.1753492345477945,g
mfvdm,rural,Ford_focus,G,sens_vel,13,160.8140344876442,0.154714926800037,160.8140344876442,0.154714926800037,0.0009620735360129542,0.09620735360129543,0.030846799649332537,2.4572757891060743e-05,0.030846799649332537,2.4572757891060743e-05,0.0007966063958143045,0.07966063958143045,0.0016669835162548981,2.1936566031604788e-05,0.0016669835162548981,2.1936566031604788e-05,0.01315943788147841,1.315943788147841,51.805052124277054,0.04984026920937673,51.805052124277054,0.04984026920937673,0.0009620735269180516,0.09620735269180516,g
mfvdm,rural,Ford_focus,G_HEV,C1,15,84.63686676622486,4.975263523629635,84.63686676622486,4.975263523629635,0.05878364492593741,5.878364492593741,0.02621252253185867,0.0002759397755982103,0.02621252253185867,0.0002759397755982103,0.010527021016875937,1.0527021016875937,0.0016006491495117205,4.2254372473539654e-05,0.0016006491495117205,4.2254372473539654e-05,0.026398272529885383,2.639827252988538,27.265140813451993,1.6027443564068884,27.265140813451993,1.6027443564068884,0.05878364492495602,5.878364492495602,g
mfvdm,rural,Ford_focus,G_HEV,C2,15,83.78172379212681,5.380635711512096e-12,83.78172379212681,5.380635711512096e-12,6.422206977815522e-14,6.422206977815522e-12,0.02606255944066615,7.053594135616508e-18,0.02606255944066615,7.053594135616508e-18,2.706408843565297e-16,2.706408843565297e-14,0.0015990026000793078,1.939479807224432e-19,0.0015990026000793078,1.939479807224432e-19,1.2129309903112333e-16,1.2129309903112333e-14,26.98966282695186,2.108841083601426e-12,26.98966282695186,2.108841083601426e-12,7.813514000239893e-14,7.813514000239893e-12,g
mfvdm,rural,Ford_focus,G_HEV,V1,4,82.7230056834814,1.2193967382627589,82.7230056834814,1.2193967382627589,0.01474072089363473,1.474072089363473,0.026256831752826944,0.00022913481219544705,0.026256831752826944,0.00022913481219544705,0.008726674046299484,0.8726674046299484,0.0016311059210319123,3.7130842416105534e-05,0.0016311059210319123,3.7130842416105534e-05,0.022764212879942746,2.2764212879942747,26.648604616061096,0.3928196427669349,26.648604616061096,0.3928196427669349,0.01474072089051082,1.4740720890510821,g
mfvdm,rural,Ford_focus,G_HEV,V2,5,91.3294038425158,9.780824702356625,91.3294038425158,9.780824702356625,0.10709392912738407,10.709392912738407,0.026286952367778338,0.00022093876299340324,0.026286952367778338,0.00022093876299340324,0.008404883148958056,0.8404883148958056,0.00151128921792524,0.00012677334267658334,0.00151128921792524,0.00012677334267658334,0.0838842368310038,8.38842368310038,29.42109214689534,3.1508203573442604,29.42109214689534,3.1508203573442604,0.10709392913127294,10.709392913127294,g
mfvdm,rural,Ford_focus,G_HEV,sens_relvel,9,90.65252804075938,9.134026766949459,90.65252804075938,9.134026766949459,0.10075865466038188,10.075865466038188,0.026539691303548232,0.0005407282149625756,0.026539691303548232,0.0005407282149625756,0.020374321945872926,2.0374321945872924,0.0015413432627222542,9.113445277229548e-05,0.0015413432627222542,9.113445277229548e-05,0.05912664295903674,5.9126642959036735,29.203041611596234,2.9424591850458475,29.203041611596234,2.9424591850458475,0.10075865466963642,10.075865466963641,g
mfvdm,rural,Ford_focus,G_HEV,sens_vel,13,81.8983625086392,1.8679913579314351,81.8983625086392,1.8679913579314351,0.02280865331995358,2.280865331995358,0.02605290856967313,3.1869907137728706e-05,0.02605290856967313,3.1869907137728706e-05,0.001223276359048327,0.1223276359048327,0.001622168877422475,2.1121027365252896e-05,0.001622168877422475,2.1121027365252896e-05,0.01302023954424085,1.302023954424085,26.382951915397594,0.6017596038971155,26.382951915397594,0.6017596038971155,0.022808653323812378,2.2808653323812376,g
mfvdm,rural,WLTC_rural,B,C1,15,0.0,0.0,0.0,0.0,,,0.0,0.0,0.0,0.0,,,0.0,0.0,0.0,0.0,,,0.17327153300623488,0.0004443584865433017,0.17327153300623488,0.0004443584865433017,0.002564521008348857,0.2564521008348857,kWh
mfvdm,rural,WLTC_rural,B,C2,15,0.0,0.0,0.0,0.0,,,0.0,0.0,0.0,0.0,,,0.0,0.0,0.0,0.0,,,0.1732439183636205,2.583903469664147e-17,0.1732439183636205,2.583903469664147e-17,1.4914829300043939e-16,1.4914829300043938e-14,kWh
mfvdm,rural,WLTC_rural,B,V1,4,0.0,0.0,0.0,0.0,,,0.0,0.0,0.0,0.0,,,0.0,0.0,0.0,0.0,,,0.17215352958447416,0.0013964730252772953,0.17215352958447416,0.0013964730252772953,0.008111788521838343,0.8111788521838343,kWh
mfvdm,rural,WLTC_rural,B,V2,12,0.0,0.0,0.0,0.0,,,0.0,0.0,0.0,0.0,,,0.0,0.0,0.0,0.0,,,0.18580465521827738,0.014649693368949395,0.18580465521827738,0.014649693368949395,0.07884459811698154,7.884459811698154,kWh
mfvdm,rural,WLTC_rural,B,sens_relvel,15,0.0,0.0,0.0,0.0,,,0.0,0.0,0.0,0.0,,,0.0,0.0,0.0,0.0,,,0.17345845619321246,0.0004159748382600559,0.17345845619321246,0.0004159748382600559,0.00239812372016449,0.239812372016449,kWh
mfvdm,rural,WLTC_rural,B,sens_vel,15,0.0,0.0,0.0,0.0,,,0.0,0.0,0.0,0.0,,,0.0,0.0,0.0,0.0,,,0.17316242926187,0.0004894998065853206,0.17316242926187,0.0004894998065853206,0.0028268245523690363,0.2826824552369036,kWh
mfvdm,rural,WLTC_rural,D,C1,15,141.14849886169424,1.5017943920549253,141.14849886169424,1.5017943920549253,0.010639818376860483,1.0639818376860481,0.30319954645856956,0.0026350255737768668,0.30319954645856956,0.0026350255737768668,0.008690730591633413,0.8690730591633413,0.0006931704485993003,1.2809178321562483e-06,0.0006931704485993003,1.2809178321562483e-06,0.0018479117722698909,0.1847911772269891,45.052115419289684,0.4793463250532315,45.052115419289684,0.4793463250532315,0.010639818365731895,1.0639818365731895,g
mfvdm,rural,WLTC_rural,D,C2,15,141.4155204488128,1.1547518207002385e-11,141.4155204488128,1.1547518207002385e-11,8.165665388320768e-14,8.165665388320768e-12,0.3032610902557053,6.080941944488117e-17,0.3032610902557053,6.080941944488117e-17,2.0051836981001276e-16,2.0051836981001277e-14,0.0006931910951277274,1.0093372928375574e-19,0.0006931910951277274,1.0093372928375574e-19,1.4560736569352164e-16,1.4560736569352164e-14,45.13734400971034,1.0048591735576161e-14,45.13734400971034,1.0048591735576161e-14,2.226225746338646e-16,2.226225746338646e-14,g
mfvdm,rural,WLTC_rural,D,V1,4,139.23180173334504,2.4523541919022107,139.23180173334504,2.4523541919022107,0.017613463026205235,1.7613463026205236,0.3013201316118047,0.00244051072015222,0.3013201316118047,0.00244051072015222,0.008099394843277073,0.8099394843277072,0.0006950880431548265,2.5482852933167007e-06,0.0006950880431548265,2.5482852933167007e-06,0.0036661331156707675,0.36661331156707677,44.44033944543095,0.7827482748174813,44.44033944543095,0.7827482748174813,0.01761346300647931,1.7613463006479309,g
mfvdm,rural,WLTC_rural,D,V2,12,163.54624181287784,25.894142574963528,163.54624181287784,25.894142574963528,0.15832918132469487,15.832918132469487,0.40532932444014563,0.13055748111550994,0.40532932444014563,0.13055748111550994,0.3221022345122458,32.21022345122458,0.0007566118603285144,0.0001008761471272028,0.0007566118603285144,0.0001008761471272028,0.13332615098500206,13.332615098500206,52.20108061795475,8.264954377610506,52.20108061795475,8.264954377610506,0.15832918169068985,15.832918169068986,g
mfvdm,rural,WLTC_rural,D,sens_relvel,15,140.8631873585524,1.8527313383222526,140.8631873585524,1.8527313383222526,0.013152700666969292,1.3152700666969293,0.30347026460780263,0.004430223352400211,0.30347026460780263,0.004430223352400211,0.014598541831192986,1.4598541831192986,0.0006908158646472676,3.600114606021104e-06,0.0006908158646472676,3.600114606021104e-06,0.005211395380821678,0.5211395380821677,44.96104901504802,0.5913592258007633,44.96104901504802,0.5913592258007633,0.013152700810046518,1.3152700810046518,g
mfvdm,rural,WLTC_rural,D,sens_vel,15,141.2104914505826,0.18935899765390393,141.2104914505826,0.18935899765390393,0.0013409697516715406,0.13409697516715405,0.30279676773697556,0.0003880318295715206,0.30279676773697556,0.0003880318295715206,0.0012814926409933955,0.12814926409933955,0.0006929377351589683,2.0178110844439807e-06,0.0006929377351589683,2.0178110844439807e-06,0.002911965941616775,0.2911965941616775,45.0719023607932,0.06044005869066057,45.0719023607932,0.06044005869066057,0.0013409697732935208,0.13409697732935208,g
mfvdm,rural,WLTC_rural,D_HEV,C1,15,108.35756274329921,2.09166617812258,108.35756274329921,2.09166617812258,0.01930337048165037,1.9303370481650368,0.2613574964492371,0.002061606057489019,0.2613574964492371,0.002061606057489019,0.007888069351358514,0.7888069351358514,0.0006346104772242451,5.463570796706537e-07,0.0006346104772242451,5.463570796706537e-07,0.0008609329648328414,0.08609329648328413,34.58582600481681,0.6676230133292039,34.58582600481681,0.6676230133292039,0.01930337049738882,1.930337049738882,g
mfvdm,rural,WLTC_rural,D_HEV,C2,15,108.62542933348452,6.167633189097747e-12,108.62542933348452,6.167633189097747e-12,5.677890736029093e-14,5.677890736029093e-12,0.261436560931898,1.1009322920451104e-16,0.261436560931898,1.1009322920451104e-16,4.211087722852558e-16,4.211087722852558e-14,0.0006347363348079402,1.8356880106263222e-19,0.0006347363348079402,1.8356880106263222e-19,2.892048099281678e-16,2.8920480992816784e-14,34.67132430487765,3.680572963321476e-12,34.67132430487765,3.680572963321476e-12,1.0615611134310446e-13,1.0615611134310446e-11,g
mfvdm,rural,WLTC_rural,D_HEV,V1,4,105.3256566542163,3.7503815561602183,105.3256566542163,3.7503815561602183,0.0356074832599687,3.56074832599687,0.2595205921545281,0.002374310342693737,0.2595205921545281,0.002374310342693737,0.009148832171591166,0.9148832171591166,0.0006366367854038176,2.4244750778014096e-06,0.0006366367854038176,2.4244750778014096e-06,0.0038082547747591575,0.3808254774759158,33.618094970488606,1.1970557544862799,33.618094970488606,1.1970557544862799,0.035607483277595185,3.5607483277595184,g
mfvdm,rural,WLTC_rural,D_HEV,V2,12,138.37873921747425,30.320690221462904,138.37873921747425,30.320690221462904,0.2191137915616596,21.91137915616596,0.3495395697662635,0.11678952925740464,0.3495395697662635,0.11678952925740464,0.3341239143124814,33.41239143124814,0.0006846274340345375,8.255860958048061e-05,0.0006846274340345375,8.255860958048061e-05,0.12058910507567501,12.058910507567502,44.16805690682355,9.677830414202205,44.16805690682355,9.677830414202205,0.2191137915489117,21.91137915489117,g
mfvdm,rural,WLTC_rural,D_HEV,sens_relvel,15,108.57361911639106,3.4315541175878783,108.57361911639106,3.4315541175878783,0.03160578182356847,3.160578182356847,0.26150588484437354,0.003079420931099675,0.26150588484437354,0.003079420931099675,0.011775723261188899,1.17757232611889,0.000632381619983775,4.664459002083281e-06,0.000632381619983775,4.664459002083281e-06,0.007376019249583751,0.7376019249583752,34.65478739485052,1.0952916503535204,34.65478739485052,1.0952916503535204,0.0316057818469339,3.1605781846933896,g
mfvdm,rural,WLTC_rural,D_HEV,sens_vel,15,108.34676168532027,0.5943126058204785,108.34676168532027,0.5943126058204785,0.005485282592446886,0.5485282592446886,0.26113083705883333,0.0002851306322003383,0.26113083705883333,0.0002851306322003383,0.0010919071658170257,0.10919071658170257,0.0006347442209236151,1.939224736419865e-06,0.0006347442209236151,1.939224736419865e-06,0.003055127833378463,0.3055127833378463,34.58237849766864,0.18969411780302273,34.58237849766864,0.18969411780302273,0.005485282564234582,0.5485282564234581,g
mfvdm,rural,WLTC_rural,G,C1,15,150.77893811292867,1.0477325059313558,150.77893811292867,1.0477325059313558,0.0069487988113209635,0.6948798811320963,0.028644884737852674,0.00025797655588721526,0.028644884737852674,0.00025797655588721526,0.009006025272858337,0.9006025272858338,0.00147242453379016,8.409829173464446e-06,0.00147242453379016,8.409829173464446e-06,0.00571155192029893,0.5711551920298931,48.5723200223252,0.3375192795449579,48.5723200223252,0.3375192795449579,0.006948798809482944,0.6948798809482944,g
mfvdm,rural,WLTC_rural,G,C2,15,151.1364844069648,7.36570593529212e-12,151.1364844069648,7.36570593529212e-12,4.873545897401255e-14,4.873545897401255e-12,0.028672872033187528,5.067451620406764e-18,0.028672872033187528,5.067451620406764e-18,1.7673331135232713e-16,1.7673331135232713e-14,0.001473152126251549,1.5835786313771138e-19,0.001473152126251549,1.5835786313771138e-19,1.074959335942138e-16,1.074959335942138e-14,48.687500922392836,6.965896105196397e-12,48.687500922392836,6.965896105196397e-12,1.430736015040068e-13,1.4307360150400682e-11,g
mfvdm,rural,WLTC_rural,G,V1,4,149.47452055904697,1.8748950695396256,149.47452055904697,1.8748950695396256,0.01254324190187976,1.254324190187976,0.028436759655483566,0.00028420067104492283,0.028436759655483566,0.00028420067104492283,0.009994129939137399,0.9994129939137399,0.001491914296938596,2.084376351194832e-05,0.001491914296938596,2.084376351194832e-05,0.013971153406545981,1.3971153406545982,48.152111553522545,0.6039835849772041,48.152111553522545,0.6039835849772041,0.012543241936666845,1.2543241936666845,g
mfvdm,rural,WLTC_rural,G,V2,12,164.5891065610942,17.78605577083184,164.5891065610942,17.78605577083184,0.10806338367375361,10.80633836737536,0.031041417909317314,0.0039882588160960455,0.031041417909317314,0.0039882588160960455,0.1284818505310268,12.848185053102679,0.001334012558716155,0.00010339721191615568,0.001334012558716155,0.00010339721191615568,0.07750842467005295,7.750842467005295,53.021163591564765,5.7296463040092025,53.021163591564765,5.7296463040092025,0.10806338291905654,10.806338291905654,g
mfvdm,rural,WLTC_rural,G,sens_relvel,15,150.12708482476629,0.9024005015041601,150.12708482476629,0.9024005015041601,0.006010910706468951,0.6010910706468952,0.02856828883126662,0.0002816558518938059,0.02856828883126662,0.0002816558518938059,0.00985903823492386,0.985903823492386,0.0014608263435835834,3.111137885313152e-05,0.0014608263435835834,3.111137885313152e-05,0.021297109673427406,2.1297109673427403,48.362330296995495,0.2907016458260809,48.362330296995495,0.2907016458260809,0.006010910641420037,0.6010910641420038,g
mfvdm,rural,WLTC_rural,G,sens_vel,15,150.99691022147715,0.3017225675217457,150.99691022147715,0.3017225675217457,0.0019982035862799396,0.19982035862799397,0.02863025799668171,3.233854976100327e-05,0.02863025799668171,3.233854976100327e-05,0.0011295235189550635,0.11295235189550636,0.0014746202601319106,1.1103541550125206e-05,0.0014746202601319106,1.1103541550125206e-05,0.007529763323021176,0.7529763323021176,48.64253812775026,0.0971976952519781,48.64253812775026,0.0971976952519781,0.0019982036092916675,0.19982036092916675,g
mfvdm,rural,WLTC_rural,G_HEV,C1,15,82.63250788219221,2.2514731381426394,82.63250788219221,2.2514731381426394,0.02724682084383215,2.724682084383215,0.024164550329642535,0.00022437784313686295,0.024164550329642535,0.00022437784313686295,0.009285413553159304,0.9285413553159304,0.001424617549441392,9.448660412821933e-06,0.001424617549441392,9.448660412821933e-06,0.00663241893694687,0.663241893694687,26.61945141905927,0.7252954231259013,26.61945141905927,0.7252954231259013,0.02724682081940264,2.724682081940264,g
mfvdm,rural,WLTC_rural,G_HEV,C2,15,82.87282598949551,6.791390117309649e-12,82.87282598949551,6.791390117309649e-12,8.194954179757895e-14,8.194954179757895e-12,0.024183340373855625,1.0292042894454821e-17,0.024183340373855625,1.0292042894454821e-17,4.2558400681410617e-16,4.255840068141062e-14,0.0014254029672778534,4.4439065127221605e-19,0.0014254029672778534,4.4439065127221605e-19,3.1176492646208384e-16,3.1176492646208386e-14,26.696868120121458,3.3890305169784678e-12,26.696868120121458,3.3890305169784678e-12,1.2694487239962622e-13,1.2694487239962623e-11,g
mfvdm,rural,WLTC_rural,G_HEV,V1,4,79.32311714073983,4.048614916782901,79.32311714073983,4.048614916782901,0.051039533779284114,5.103953377928412,0.023935575468084738,0.00030227324964173256,0.023935575468084738,0.00030227324964173256,0.012628618436384713,1.2628618436384713,0.0014435574767323286,2.0107694741858822e-05,0.0014435574767323286,2.0107694741858822e-05,0.013929265073237737,1.3929265073237738,25.553355663033646,1.3042313608218297,25.553355663033646,1.3042313608218297,0.05103953382954612,5.103953382954612,g
mfvdm,rural,WLTC_rural,G_HEV,V2,12,113.1453189181661,28.640670532209988,113.1453189181661,28.640670532209988,0.25313173188300214,25.313173188300215,0.02671403426341704,0.003681944947781594,0.02671403426341704,0.003681944947781594,0.13782811354793217,13.782811354793218,0.0012914444920566353,9.339479513051215e-05,0.0012914444920566353,9.339479513051215e-05,0.07231808699867559,7.231808699867559,36.44892787839188,9.22638024038439,36.44892787839188,9.22638024038439,0.25313173191725324,25.313173191725326,g
mfvdm,rural,WLTC_rural,G_HEV,sens_relvel,15,83.09072801500449,4.079894664128552,83.09072801500449,4.079894664128552,0.04910168392545322,4.910168392545322,0.02414935746292789,0.0002937155855843915,0.02414935746292789,0.0002937155855843915,0.012162459644538352,1.2162459644538353,0.0014117749301484582,3.67321347229785e-05,0.0014117749301484582,3.67321347229785e-05,0.02601840699856871,2.6018406998568713,26.767063646928175,1.3143078985668473,26.767063646928175,1.3143078985668473,0.049101683916594974,4.910168391659497,g
mfvdm,rural,WLTC_rural,G_HEV,sens_vel,15,82.56205518459309,0.761378467282167,82.56205518459309,0.761378467282167,0.009221893345313039,0.9221893345313039,0.02415463411681745,2.352231564023924e-05,0.02415463411681745,2.352231564023924e-05,0.0009738220635626203,0.09738220635626203,0.001427139231722026,1.1094064050839621e-05,0.001427139231722026,1.1094064050839621e-05,0.007773638201686331,0.7773638201686331,26.596755604284112,0.24527244311221205,26.596755604284112,0.24527244311221205,0.009221893330203944,0.9221893330203944,g
mfvdm,urban,CADC_urban,B,C1,15,0.0,0.0,0.0,0.0,,,0.0,0.0,0.0,0.0,,,0.0,0.0,0.0,0.0,,,0.28320160489975055,0.0028862558457066526,0.28320160489975055,0.0028862558457066526,0.010191523620525906,1.0191523620525906,kWh
mfvdm,urban,CADC_urban,B,C2,15,0.0,0.0,0.0,0.0,,,0.0,0.0,0.0,0.0,,,0.0,0.0,0.0,0.0,,,0.28283739399943697,7.021666937153402e-17,0.28283739399943697,7.021666937153402e-17,2.4825808348267344e-16,2.4825808348267345e-14,kWh
mfvdm,urban,CADC_urban,B,V1,4,0.0,0.0,0.0,0.0,,,0.0,0.0,0.0,0.0,,,0.0,0.0,0.0,0.0,,,0.2791751243219009,0.004301647387269754,0.2791751243219009,0.004301647387269754,0.01540841934867295,1.540841934867295,kWh
mfvdm,urban,CADC_urban,B,V2,7,0.0,0.0,0.0,0.0,,,0.0,0.0,0.0,0.0,,,0.0,0.0,0.0,0.0,,,0.2739595343911814,0.009878927803465942,0.2739595343911814,0.009878927803465942,0.036059806516388716,3.6059806516388715,kWh
mfvdm,urban,CADC_urban,B,sens_relvel,15,0.0,0.0,0.0,0.0,,,0.0,0.0,0.0,0.0,,,0.0,0.0,0.0,0.0,,,0.2787489654695229,0.00957529731937384,0.2787489654695229,0.00957529731937384,0.03435096988878604,3.435096988878604,kWh
mfvdm,urban,CADC_urban,B,sens_vel,15,0.0,0.0,0.0,0.0,,,0.0,0.0,0.0,0.0,,,0.0,0.0,0.0,0.0,,,0.2817176632905097,0.0029413401725420832,0.2817176632905097,0.0029413401725420832,0.010440737503593972,1.0440737503593973,kWh
mfvdm,urban,CADC_urban,D,C1,15,245.12566743913666,8.71969381247705,245.12566743913666,8.71969381247705,0.035572340928524356,3.5572340928524357,0.5879079797667432,0.012714277469547832,0.5879079797667432,0.012714277469547832,0.021626305318380463,2.162630531838046,0.001420484269475721,1.3421640818016561e-05,0.001420484269475721,1.3421640818016561e-05,0.009448637416428611,0.9448637416428611,78.2397967579402,2.7831727238163193,78.2397967579402,2.7831727238163193,0.03557234092040082,3.557234092040082,g
mfvdm,urban,CADC_urban,D,C2,15,243.99409255461745,1.0859919924850374e-13,243.99409255461745,1.0859919924850374e-13,4.450894614351948e-16,4.4508946143519476e-14,0.5822315734815054,1.5437024706384128e-16,0.5822315734815054,1.5437024706384128e-16,2.651354788967741e-16,2.6513547889677412e-14,0.001405600900601434,3.755786496842898e-19,0.001405600900601434,3.755786496842898e-19,2.672014862281219e-16,2.672014862281219e-14,77.87861797729904,3.968714596562994e-12,77.87861797729904,3.968714596562994e-12,5.0960259691817347e-14,5.096025969181735e-12,g
mfvdm,urban,CADC_urban,D,V1,4,238.84516800860806,5.93169367637539,238.84516800860806,5.93169367637539,0.024834890845108534,2.4834890845108535,0.5650777212375415,0.020282310526378952,0.5650777212375415,0.020282310526378952,0.035892957312066605,3.5892957312066605,0.0013633435567954263,5.1007509807477146e-05,0.0013633435567954263,5.1007509807477146e-05,0.03741354081532581,3.741354081532581,76.2351719435676,1.8932921572846058,76.2351719435676,1.8932921572846058,0.024834890628778254,2.4834890628778252,g
mfvdm,urban,CADC_urban,D,V2,7,247.57392377398767,10.475647594373047,247.57392377398767,10.475647594373047,0.04231321067535511,4.231321067535511,0.6036437651901626,0.055580904029323114,0.6036437651901626,0.055580904029323114,0.09207566984778476,9.207566984778476,0.0012926456692447616,0.00011894221222018198,0.0012926456692447616,0.00011894221222018198,0.09201455205406359,9.201455205406358,79.02123722863303,3.3436423306287306,79.02123722863303,3.3436423306287306,0.04231321158582386,4.231321158582386,g
mfvdm,urban,CADC_urban,D,sens_relvel,15,239.75320875041226,11.199168068061951,239.75320875041226,11.199168068061951,0.04671123329873972,4.671123329873971,0.5764131952111352,0.025771636121954555,0.5764131952111352,0.025771636121954555,0.04471035072768351,4.471035072768351,0.0013805007175482808,0.00012071434352458939,0.0013805007175482808,0.00012071434352458939,0.08744243446607813,8.744243446607813,76.52500258801396,3.5745771908361625,76.52500258801396,3.5745771908361625,0.04671123253769148,4.671123253769148,g
mfvdm,urban,CADC_urban,D,sens_vel,15,241.539088640307,5.593456044133445,241.539088640307,5.593456044133445,0.023157560441337332,2.315756044133733,0.580617933307148,0.004317924511382469,0.580617933307148,0.004317924511382469,0.007436774277342686,0.7436774277342686,0.0014129738691516993,1.6070947777824017e-05,0.0014129738691516993,1.6070947777824017e-05,0.011373846416192013,1.1373846416192013,77.0950239567575,1.785332678131141,77.0950239567575,1.785332678131141,0.02315756045594501,2.315756045594501,g
mfvdm,urban,CADC_urban,D_HEV,C1,15,165.76785072243916,13.393188226963098,165.76785072243916,13.393188226963098,0.08079484754488724,8.079484754488723,0.49996611673697317,0.009506573567656215,0.49996611673697317,0.009506573567656215,0.01901443567756317,1.9014435677563168,0.0012959555312502824,1.4606114734589304e-05,0.0012959555312502824,1.4606114734589304e-05,0.011270536976294203,1.1270536976294203,52.91017901382362,4.274869845117816,52.91017901382362,4.274869845117816,0.08079484750941665,8.079484750941665,g
mfvdm,urban,CADC_urban,D_HEV,C2,15,165.66719479899893,6.418697678138853e-12,165.66719479899893,6.418697678138853e-12,3.8744530478267257e-14,3.8744530478267256e-12,0.4959985317462404,1.8852009770956993e-16,0.4959985317462404,1.8852009770956993e-16,3.8008196727086154e-16,3.800819672708615e-14,0.0012848447688766204,3.264630981819447e-19,0.0012848447688766204,3.264630981819447e-19,2.5408758014198204e-16,2.5408758014198204e-14,52.87805141350392,7.109035288154523e-12,52.87805141350392,7.109035288154523e-12,1.344420813195667e-13,1.3444208131956669e-11,g
mfvdm,urban,CADC_urban,D_HEV,V1,4,162.71689092927463,3.352856024418304,162.71689092927463,3.352856024418304,0.020605457769443447,2.0605457769443447,0.4825213005917547,0.016015361455276253,0.4825213005917547,0.016015361455276253,0.03319099371496207,3.319099371496207,0.0012496789607321307,4.2728076550874765e-05,0.0012496789607321307,4.2728076550874765e-05,0.03419124262589994,3.419124262589994,51.9363663707222,1.0701726032371084,51.9363663707222,1.0701726032371084,0.02060545775571221,2.060545775571221,g
mfvdm,urban,CADC_urban,D_HEV,V2,7,190.23553766434125,26.882589937950684,190.23553766434125,26.882589937950684,0.14131213477780025,14.131213477780024,0.5120687711471656,0.04630949174903972,0.5120687711471656,0.04630949174903972,0.0904360788206134,9.04360788206134,0.0011691494241032262,0.00011765209793786609,0.0011691494241032262,0.00011765209793786609,0.10063050582957682,10.063050582957683,60.719833846980656,8.58044934353501,60.719833846980656,8.58044934353501,0.14131213476569288,14.131213476569288,g
mfvdm,urban,CADC_urban,D_HEV,sens_relvel,15,163.49236394638555,17.157519647131696,163.49236394638555,17.157519647131696,0.10494385935209918,10.494385935209918,0.489582590618593,0.022239542082090787,0.489582590618593,0.022239542082090787,0.0454255165691061,4.54255165691061,0.0012589960339699244,0.00011330151858038754,0.0012589960339699244,0.00011330151858038754,0.08999354686060444,8.999354686060444,52.18388370398396,5.476378152027579,52.18388370398396,5.476378152027579,0.10494385935498103,10.494385935498103,g
mfvdm,urban,CADC_urban,D_HEV,sens_vel,15,161.6592582195714,9.321701457010995,161.6592582195714,9.321701457010995,0.057662651429155554,5.766265142915556,0.4947107464905304,0.003951746540003433,0.4947107464905304,0.003951746540003433,0.007987994131999469,0.7987994131999469,0.0012920204864897763,1.4704117944373516e-05,0.0012920204864897763,1.4704117944373516e-05,0.011380715784408631,1.138071578440863,51.598788633175516,2.975322963389009,51.598788633175516,2.975322963389009,0.05766265143434047,5.766265143434047,g
mfvdm,urban,CADC_urban,G,C1,15,267.3229307652122,5.07414830837153,267.3229307652122,5.07414830837153,0.018981343253445464,1.8981343253445464,0.053515774180146095,0.001239968996217829,0.053515774180146095,0.001239968996217829,0.02317015898983009,2.317015898983009,0.0030858433175494433,0.00010554935713452137,0.0030858433175494433,0.00010554935713452137,0.03420437989649492,3.420437989649492,86.11610547816814,1.6345993569534014,86.11610547816814,1.6345993569534014,0.018981343244415524,1.8981343244415523,g
mfvdm,urban,CADC_urban,G,C2,15,266.0939862809986,9.20724190521961e-12,266.0939862809986,9.20724190521961e-12,3.460146557200525e-14,3.4601465572005252e-12,0.053090260928947856,1.5202354861220293e-17,0.053090260928947856,1.5202354861220293e-17,2.8634922102880636e-16,2.8634922102880637e-14,0.00305325285897874,8.601033531602425e-19,0.00305325285897874,8.601033531602425e-19,2.817006625019364e-16,2.817006625019364e-14,85.72021010158824,2.7457979941780647e-14,85.72021010158824,2.7457979941780647e-14,3.203209594241522e-16,3.203209594241522e-14,g
mfvdm,urban,CADC_urban,G,V1,4,259.55385730704086,7.411478481926891,259.55385730704086,7.411478481926891,0.028554684406633328,2.8554684406633326,0.05148892239506289,0.0018292147688748353,0.05148892239506289,0.0018292147688748353,0.03552637506840176,3.5526375068401763,0.00294432045499151,0.00012849724558602532,0.00294432045499151,0.00012849724558602532,0.04364241173822767,4.3642411738227675,83.61335588140017,2.3875530258126734,83.61335588140017,2.3875530258126734,0.028554684842446155,2.8554684842446156,g
mfvdm,urban,CADC_urban,G,V2,7,253.9491992295614,13.260029816772125,253.9491992295614,13.260029816772125,0.052215285013698785,5.221528501369878,0.05022273926994593,0.0031575075769654164,0.05022273926994593,0.0031575075769654164,0.0628700788301071,6.287007883010711,0.0025217821851601513,0.0005100023035379704,0.0025217821851601513,0.0005100023035379704,0.20223883987251723,20.223883987251725,81.8078564330362,4.271620802769919,81.8078564330362,4.271620802769919,0.05221528822560524,5.221528822560524,g
mfvdm,urban,CADC_urban,G,sens_relvel,15,260.52436478553693,15.113956380515274,260.52436478553693,15.113956380515274,0.05801360035157191,5.801360035157191,0.0523296908554901,0.0027337594533832954,0.0523296908554901,0.0027337594533832954,0.05224107784111793,5.224107784111793,0.002987293521884802,0.00041386367645814627,0.002987293521884802,0.00041386367645814627,0.1385413496953668,13.85413496953668,83.92599763265798,4.868849491098467,83.92599763265798,4.868849491098467,0.05801360279813772,5.801360279813772,g
mfvdm,urban,CADC_urban,G,sens_vel,15,264.4195715920595,2.7930582299242204,264.4195715920595,2.7930582299242204,0.010562978425187402,1.0562978425187401,0.05282232525261023,0.0005480595456640486,0.05282232525261023,0.0005480595456640486,0.010375528586503603,1.0375528586503602,0.0030903776598185453,9.196915646319432e-05,0.0030903776598185453,9.196915646319432e-05,0.029759843807761144,2.975984380776114,85.18080979144356,0.8997630544959149,85.18080979144356,0.8997630544959149,0.010562978406743162,1.0562978406743162,g
mfvdm,urban,CADC_urban,G_HEV,C1,15,115.36660724220583,14.666679347316654,115.36660724220583,14.666679347316654,0.12713106242714384,12.713106242714383,0.044545328534180355,0.0010232562514278709,0.044545328534180355,0.0010232562514278709,0.02297112368680163,2.297112368680163,0.003008742826409394,0.00011200929161050291,0.003008742826409394,0.00011200929161050291,0.03722793807012537,3.7227938070125375,37.16449948853836,4.724762304941056,37.16449948853836,4.724762304941056,0.12713106243764122,12.713106243764122,g
mfvdm,urban,CADC_urban,G_HEV,C2,15,115.51985560151775,6.321541294454e-12,115.51985560151775,6.321541294454e-12,5.472255190709349e-14,5.472255190709349e-12,0.04415405035203448,1.3644531064035612e-17,0.04415405035203448,1.3644531064035612e-17,3.090210514154318e-16,3.0902105141543185e-14,0.0029768567045388356,1.2317351076677562e-18,0.0029768567045388356,1.2317351076677562e-18,4.137703725509261e-16,4.137703725509261e-14,37.21386731346194,7.026613122209021e-12,37.21386731346194,7.026613122209021e-12,1.8881706281752602e-13,1.8881706281752602e-11,g
mfvdm,urban,CADC_urban,G_HEV,V1,4,113.72599352920008,2.123654544434552,113.72599352920008,2.123654544434552,0.01867343145161696,1.867343145161696,0.04286464875941784,0.0014933575427024655,0.04286464875941784,0.0014933575427024655,0.034838907722867046,3.4838907722867045,0.002873800545260766,0.00012353238971546924,0.002873800545260766,0.00012353238971546924,0.042985721440963826,4.298572144096383,36.63598791078931,0.6841196099140575,36.63598791078931,0.6841196099140575,0.0186734314789034,1.86734314789034,g
mfvdm,urban,CADC_urban,G_HEV,V2,7,148.70084882929834,34.659917669507934,148.70084882929834,34.659917669507934,0.23308486765462857,23.308486765462856,0.04330364730234474,0.0010615831858026465,0.04330364730234474,0.0010615831858026465,0.024514867729055367,2.451486772905537,0.002423837587505391,0.0005332851614804142,0.002423837587505391,0.0005332851614804142,0.2200168708619088,22.00168708619088,47.902878937265235,11.165436198431397,47.902878937265235,11.165436198431397,0.2330848676768242,23.30848676768242,g
mfvdm,urban,CADC_urban,G_HEV,sens_relvel,15,115.16888562384268,22.029315437162335,115.16888562384268,22.029315437162335,0.19127835888864192,19.12783588886419,0.04376671607133404,0.001813852646686148,0.04376671607133404,0.001813852646686148,0.041443654208138545,4.1443654208138545,0.0029031633021001082,0.00043281496162370314,0.0029031633021001082,0.00043281496162370314,0.14908391867264606,14.908391867264607,37.1008049303752,7.096581080847586,37.1008049303752,7.096581080847586,0.19127835889720732,19.127835889720732,g
mfvdm,urban,CADC_urban,G_HEV,sens_vel,15,111.10669501640903,10.229635224373265,111.10669501640903,10.229635224373265,0.09207037634287006,9.207037634287007,0.044004469784137606,0.00041841127919908187,0.044004469784137606,0.00041841127919908187,0.009508381336068445,0.9508381336068445,0.0030182155224719024,9.557589039838837e-05,0.0030182155224719024,9.557589039838837e-05,0.031666357053293605,3.1666357053293606,35.79220026252274,3.2954013496235355,35.79220026252274,3.2954013496235355,0.09207037637957342,9.207037637957342,g
mfvdm,urban,FTP,B,sens_relvel,1,0.0,0.0,0.0,0.0,,,0.0,0.0,0.0,0.0,,,0.0,0.0,0.0,0.0,,,0.18959349387360297,0.0,0.18959349387360297,0.0,0.0,0.0,kWh
mfvdm,urban,FTP,B,sens_vel,3,0.0,0.0,0.0,0.0,,,0.0,0.0,0.0,0.0,,,0.0,0.0,0.0,0.0,,,0.1920318096910758,3.901036642466375e-05,0.1920318096910758,3.901036642466375e-05,0.00020314533559528632,0.02031453355952863,kWh
mfvdm,urban,FTP,D,sens_relvel,1,160.30092764902935,0.0,160.30092764902935,0.0,0.0,0.0,0.35854541826369996,0.0,0.35854541826369996,0.0,0.0,0.0,0.0007483792042155637,0.0,0.0007483792042155637,0.0,0.0,0.0,51.16523353026545,0.0,51.16523353026545,0.0,0.0,0.0,g
mfvdm,urban,FTP,D,sens_vel,3,157.69154672788116,0.08272215195313228,157.69154672788116,0.08272215195313228,0.0005245820316283721,0.05245820316283721,0.3512186350886936,9.507382704281058e-05,0.3512186350886936,9.507382704281058e-05,0.00027069698912417185,0.027069698912417187,0.0008236717429293545,1.473226779841861e-07,0.0008236717429293545,1.473226779841861e-07,0.00017886091061014074,0.017886091061014072,50.3323649966485,0.026403454146054314,50.3323649966485,0.026403454146054314,0.0005245820288359677,0.05245820288359677,g
mfvdm,urban,FTP,D_HEV,sens_relvel,1,131.5079860364217,0.0,131.5079860364217,0.0,0.0,0.0,0.30531160361027154,0.0,0.30531160361027154,0.0,0.0,0.0,0.000681691785903682,0.0,0.000681691785903682,0.0,0.0,0.0,41.97503347724049,0.0,41.97503347724049,0.0,0.0,0.0,g
mfvdm,urban,FTP,D_HEV,sens_vel,3,116.52100853659617,0.13334455850239502,116.52100853659617,0.13334455850239502,0.0011443821176720678,0.11443821176720678,0.3026574853725998,6.50534334795037e-05,0.3026574853725998,6.50534334795037e-05,0.0002149407717420794,0.02149407717420794,0.0007550651524633767,1.8547313782790427e-07,0.0007550651524633767,1.8547313782790427e-07,0.00024563858790569777,0.024563858790569777,37.191454156768465,0.04256123533229403,37.191454156768465,0.04256123533229403,0.001144382124799181,0.1144382124799181,g
mfvdm,urban,FTP,G,sens_relvel,1,163.91246112360434,0.0,163.91246112360434,0.0,0.0,0.0,0.032156226558533035,0.0,0.032156226558533035,0.0,0.0,0.0,0.001468490517425763,0.0,0.001468490517425763,0.0,0.0,0.0,52.80318717298133,0.0,52.80318717298133,0.0,0.0,0.0,g
mfvdm,urban,FTP,G,sens_vel,3,169.68857727574797,0.0292745374255793,169.68857727574797,0.0292745374255793,0.00017251919896769173,0.017251919896769174,0.03266015680992296,5.253048991694166e-06,0.03266015680992296,5.253048991694166e-06,0.00016083967453879954,0.016083967453879956,0.0017678649567994913,1.5966558361254017e-06,0.0017678649567994913,1.5966558361254017e-06,0.000903154864846666,0.0903154864846666,54.66392045801944,0.009430575153155438,54.66392045801944,0.009430575153155438,0.00017251918768610623,0.017251918768610625,g
mfvdm,urban,FTP,G_HEV,sens_relvel,1,106.67113287382627,0.0,106.67113287382627,0.0,0.0,0.0,0.027789244382964463,0.0,0.027789244382964463,0.0,0.0,0.0,0.0013878196108635893,0.0,0.0013878196108635893,0.0,0.0,0.0,34.363316713942325,0.0,34.363316713942325,0.0,0.0,0.0,g
mfvdm,urban,FTP,G_HEV,sens_vel,3,86.12676649102302,0.14636448135631255,86.12676649102302,0.14636448135631255,0.0016994075978873317,0.16994075978873316,0.027601504346186315,4.299746207133354e-06,0.027601504346186315,4.299746207133354e-06,0.0001557794152523229,0.015577941525232291,0.0017221751168395782,1.5229885112659758e-06,0.0017221751168395782,1.5229885112659758e-06,0.0008843400978065828,0.08843400978065828,27.74510099036853,0.04715023634604723,27.74510099036853,0.04715023634604723,0.0016994076310053808,0.16994076310053807,g
mfvdm,urban,WLTC_urban,B,C1,15,0.0,0.0,0.0,0.0,,,0.0,0.0,0.0,0.0,,,0.0,0.0,0.0,0.0,,,0.26843114934833096,0.002731020237636352,0.26843114934833096,0.002731020237636352,0.010174006423123534,1.0174006423123534,kWh
mfvdm,urban,WLTC_urban,B,C2,15,0.0,0.0,0.0,0.0,,,0.0,0.0,0.0,0.0,,,0.0,0.0,0.0,0.0,,,0.26777445602801275,1.0725773414758065e-16,0.26777445602801275,1.0725773414758065e-16,4.0055252371182136e-16,4.005525237118213e-14,kWh
mfvdm,urban,WLTC_urban,B,V1,4,0.0,0.0,0.0,0.0,,,0.0,0.0,0.0,0.0,,,0.0,0.0,0.0,0.0,,,0.26371691479974985,0.004791997504850672,0.26371691479974985,0.004791997504850672,0.018170990315465412,1.8170990315465412,kWh
mfvdm,urban,WLTC_urban,B,V2,7,0.0,0.0,0.0,0.0,,,0.0,0.0,0.0,0.0,,,0.0,0.0,0.0,0.0,,,0.2614264148006367,0.008055336068772864,0.2614264148006367,0.008055336068772864,0.03081301510758141,3.081301510758141,kWh
mfvdm,urban,WLTC_urban,B,sens_relvel,15,0.0,0.0,0.0,0.0,,,0.0,0.0,0.0,0.0,,,0.0,0.0,0.0,0.0,,,0.2653714499451536,0.006357697594155979,0.2653714499451536,0.006357697594155979,0.023957730175834566,2.3957730175834566,kWh
mfvdm,urban,WLTC_urban,B,sens_vel,15,0.0,0.0,0.0,0.0,,,0.0,0.0,0.0,0.0,,,0.0,0.0,0.0,0.0,,,0.26732704059027895,0.0027222619446789823,0.26732704059027895,0.0027222619446789823,0.010183264433960799,1.01832644339608,kWh
mfvdm,urban,WLTC_urban,D,C1,15,228.91939920919225,8.057689658467046,228.91939920919225,8.057689658467046,0.035198806594384464,3.5198806594384466,0.5460619212893445,0.011303379311039544,0.5460619212893445,0.011303379311039544,0.020699812366242923,2.0699812366242925,0.0013252366831422884,1.320700297527262e-05,0.0013252366831422884,1.320700297527262e-05,0.009965769242032524,0.9965769242032524,73.06704132478755,2.571872658144196,73.06704132478755,2.571872658144196,0.03519880662352348,3.519880662352348,g
mfvdm,urban,WLTC_urban,D,C2,15,227.3577447274414,1.7221049681864432e-11,227.3577447274414,1.7221049681864432e-11,7.574428442061293e-14,7.574428442061294e-12,0.5413485141359747,1.6467268631127714e-16,0.5413485141359747,1.6467268631127714e-16,3.0418978164945146e-16,3.041897816494515e-14,0.0013159841406211496,2.440458572515882e-19,0.0013159841406211496,2.440458572515882e-19,1.8544741514620202e-16,1.8544741514620203e-14,72.56858870647967,1.1618550664908759e-11,72.56858870647967,1.1618550664908759e-11,1.601044042885091e-13,1.601044042885091e-11,g
mfvdm,urban,WLTC_urban,D,V1,4,220.44514540114477,7.7638653625082465,220.44514540114477,7.7638653625082465,0.03521903532228081,3.5219035322280807,0.5225670818237292,0.021339091241357137,0.5225670818237292,0.021339091241357137,0.040835123343179076,4.083512334317907,0.0012727049191402768,5.05179379580824e-05,0.0012727049191402768,5.05179379580824e-05,0.03969336269416457,3.969336269416457,70.36220875630485,2.4780890858325098,70.36220875630485,2.4780890858325098,0.03521903490004439,3.521903490004439,g
mfvdm,urban,WLTC_urban,D,V2,7,229.13197046410014,6.310154367249822,229.13197046410014,6.310154367249822,0.027539388564890306,2.7539388564890306,0.5487651179814079,0.030924997374953283,0.5487651179814079,0.030924997374953283,0.05635379575274137,5.635379575274137,0.0012102631371864612,0.00010959216917525237,0.0012102631371864612,0.00010959216917525237,0.09055234833478025,9.055234833478025,73.13489045837444,2.0140901839864926,73.13489045837444,2.0140901839864926,0.02753938881104683,2.7539388811046828,g
mfvdm,urban,WLTC_urban,D,sens_relvel,15,224.78736985184815,9.541699532729725,224.78736985184815,9.541699532729725,0.0424476674958136,4.24476674958136,0.5376609262764084,0.018590741904724182,0.5376609262764084,0.018590741904724182,0.03457707450209389,3.4577074502093885,0.0012949339975167542,8.881787759614285e-05,0.0012949339975167542,8.881787759614285e-05,0.06858872943830768,6.858872943830768,71.74817034664945,3.045542452861702,71.74817034664945,3.045542452861702,0.04244766714115833,4.244766714115833,g
mfvdm,urban,WLTC_urban,D,sens_vel,15,225.78903914412155,5.306495875599964,225.78903914412155,5.306495875599964,0.023502008315881173,2.3502008315881175,0.5399614356200778,0.0041398150532534865,0.5399614356200778,0.0041398150532534865,0.007666871706308858,0.7666871706308859,0.001320071933592226,1.623825660471295e-05,0.001320071933592226,1.623825660471295e-05,0.012301039202102296,1.2301039202102297,72.06788551323744,1.69374004716587,72.06788551323744,1.69374004716587,0.023502008350928562,2.3502008350928563,g
mfvdm,urban,WLTC_urban,D_HEV,C1,15,154.32498215896496,12.549002415724859,154.32498215896496,12.549002415724859,0.0813154308535643,8.13154308535643,0.46521167096499344,0.008875107901660224,0.46521167096499344,0.008875107901660224,0.019077569320757784,1.9077569320757783,0.0012106064068440165,1.3217359261326438e-05,0.0012106064068440165,1.3217359261326438e-05,0.010917965729078997,1.0917965729078998,49.257816861292596,4.005420601299946,49.257816861292596,4.005420601299946,0.0813154308600196,8.13154308600196,g
mfvdm,urban,WLTC_urban,D_HEV,C2,15,153.71185222406126,1.522133133109064e-11,153.71185222406126,1.522133133109064e-11,9.902509865604216e-14,9.902509865604215e-12,0.4625355441166892,1.7728839976828627e-16,0.4625355441166892,1.7728839976828627e-16,3.83296812587358e-16,3.83296812587358e-14,0.0012052308345691784,2.685088208056369e-19,0.0012052308345691784,2.685088208056369e-19,2.2278621912425436e-16,2.2278621912425436e-14,49.06211658234066,3.750420193998036e-12,49.06211658234066,3.750420193998036e-12,7.644228287020043e-14,7.644228287020044e-12,g
mfvdm,urban,WLTC_urban,D_HEV,V1,4,148.8754982748631,5.226483768792881,148.8754982748631,5.226483768792881,0.03510640655686287,3.510640655686287,0.44798810367555153,0.01671015473472004,0.44798810367555153,0.01671015473472004,0.03730044301984883,3.730044301984883,0.0011695897805838284,4.239567061957974e-05,0.0011695897805838284,4.239567061957974e-05,0.03624832511653525,3.6248325116535254,47.518437564129044,1.6682015886136257,47.518437564129044,1.6682015886136257,0.035106406568235445,3.5106406568235444,g
mfvdm,urban,WLTC_urban,D_HEV,V2,7,172.89904609836435,19.911613959959535,172.89904609836435,19.911613959959535,0.11516323779271505,11.516323779271504,0.4676557818265867,0.025905632375930448,0.4676557818265867,0.025905632375930448,0.05539465859856859,5.539465859856859,0.0010995309976486259,0.00010633320767862633,0.0010995309976486259,0.00010633320767862633,0.09670778532485443,9.670778532485443,55.186331009263675,6.355436562014945,55.186331009263675,6.355436562014945,0.11516323781242334,11.516323781242335,g
mfvdm,urban,WLTC_urban,D_HEV,sens_relvel,15,152.55796469013143,16.784905658537287,152.55796469013143,16.784905658537287,0.11002313574797618,11.002313574797618,0.45746445781612893,0.015846029123124605,0.45746445781612893,0.015846029123124605,0.03463882024577674,3.463882024577674,0.0011821319443489364,8.379444817285849e-05,0.0011821319443489364,8.379444817285849e-05,0.07088417547079197,7.088417547079197,48.69381600100156,5.357446326166316,48.69381600100156,5.357446326166316,0.11002313571103405,11.002313571103404,g
mfvdm,urban,WLTC_urban,D_HEV,sens_vel,15,150.3577199973358,9.452869575664709,150.3577199973358,9.452869575664709,0.06286920003729908,6.286920003729908,0.4606577586514305,0.004037503707879354,0.4606577586514305,0.004037503707879354,0.008764649312971723,0.8764649312971723,0.0012083499911128529,1.47755693400366e-05,0.0012083499911128529,1.47755693400366e-05,0.012227888814257166,1.2227888814257166,47.99153663824621,3.017189516335865,47.99153663824621,3.017189516335865,0.06286920002330904,6.286920002330904,g
mfvdm,urban,WLTC_urban,G,C1,15,250.48733049503855,4.752435443790621,250.48733049503855,4.752435443790621,0.01897275776143398,1.8972757761433983,0.04990166739984017,0.0011314463944668135,0.04990166739984017,0.0011314463944668135,0.022673518810524502,2.2673518810524502,0.0028961045839871555,0.00010210211365956096,0.0028961045839871555,0.00010210211365956096,0.03525498154455246,3.525498154455246,80.69264130168213,1.530961931395054,80.69264130168213,1.530961931395054,0.018972757697586228,1.8972757697586229,g
mfvdm,urban,WLTC_urban,G,C2,15,247.53367676225017,1.491524987712164e-11,247.53367676225017,1.491524987712164e-11,6.025543704684418e-14,6.025543704684419e-12,0.04904411932676449,1.0134903240813529e-17,0.04904411932676449,1.0134903240813529e-17,2.0664869468423062e-16,2.0664869468423063e-14,0.002842187924932862,2.962604341814773e-19,0.002842187924932862,2.962604341814773e-19,1.0423675070270927e-16,1.0423675070270927e-14,79.74114358702278,5.0849422177574844e-12,79.74114358702278,5.0849422177574844e-12,6.376811253287591e-14,6.376811253287591e-12,g
mfvdm,urban,WLTC_urban,G,V1,4,239.88545639495877,9.064929673047219,239.88545639495877,9.064929673047219,0.03778857546962868,3.7788575469628682,0.047417973022667946,0.0019158597694529593,0.047417973022667946,0.0019158597694529593,0.040403662310430084,4.040366231043008,0.0027465245364949615,0.0001222579520789825,0.0027465245364949615,0.0001222579520789825,0.04451369374438749,4.451369374438749,77.27732590471717,2.920200124844605,77.27732590471717,2.920200124844605,0.03778857628232642,3.7788576282326423,g
mfvdm,urban,WLTC_urban,G,V2,7,237.79035536538476,12.833945978145108,237.79035536538476,12.833945978145108,0.05397168425281453,5.397168425281453,0.04701288036662669,0.003045250005293268,0.04701288036662669,0.003045250005293268,0.0647748017467787,6.47748017467787,0.0024121084509893765,0.0004569168784365787,0.0024121084509893765,0.0004569168784365787,0.18942634119505064,18.942634119505065,76.60240438880903,4.13436104641452,76.60240438880903,4.13436104641452,0.05397168769572611,5.397168769572612,g
mfvdm,urban,WLTC_urban,G,sens_relvel,15,245.30269288323132,10.89461705341855,245.30269288323132,10.89461705341855,0.044412953340893783,4.441295334089379,0.04906874326391916,0.0019783070381417674,0.04906874326391916,0.0019783070381417674,0.040317051274399364,4.0317051274399365,0.00282284641066892,0.00032991404799899616,0.00282284641066892,0.00032991404799899616,0.11687282976221777,11.687282976221777,79.02244856010938,3.509620472561241,79.02244856010938,3.509620472561241,0.04441295526158755,4.441295526158755,g
mfvdm,urban,WLTC_urban,G,sens_vel,15,248.39108217060758,2.224831037017941,248.39108217060758,2.224831037017941,0.008956968251741882,0.8956968251741881,0.049394620322506695,0.00046575920676802197,0.049394620322506695,0.00046575920676802197,0.009429350883294439,0.9429350883294438,0.0029127798686369093,0.00010240997989187455,0.0029127798686369093,0.00010240997989187455,0.03515884636342233,3.515884636342233,80.0173504044014,0.7167128606108516,80.0173504044014,0.7167128606108516,0.00895696816988617,0.895696816988617,g
mfvdm,urban,WLTC_urban,G_HEV,C1,15,106.94919622047908,13.65961178374779,106.94919622047908,13.65961178374779,0.12772056515121513,12.772056515121513,0.0416279047887885,0.0009536094108857095,0.0416279047887885,0.0009536094108857095,0.022907936772800102,2.29079367728001,0.0028267620165951493,0.00010551975459697778,0.0028267620165951493,0.00010551975459697778,0.037328842674940466,3.732884267494047,34.452892765852205,4.40034293598829,34.452892765852205,4.40034293598829,0.12772056517557984,12.772056517557983,g
mfvdm,urban,WLTC_urban,G_HEV,C2,15,106.19491118611269,1.1165407446087089e-11,106.19491118611269,1.1165407446087089e-11,1.0514070138934501e-13,1.0514070138934501e-11,0.04093747017980223,6.703608384223791e-18,0.04093747017980223,6.703608384223791e-18,1.6375238515669742e-16,1.637523851566974e-14,0.0027778216286463847,6.718555132733216e-19,0.0027778216286463847,6.718555132733216e-19,2.418641666350307e-16,2.4186416663503073e-14,34.20990541440389,1.2006807410204096e-11,34.20990541440389,1.2006807410204096e-11,3.5097458659294324e-13,3.509745865929432e-11,g
mfvdm,urban,WLTC_urban,G_HEV,V1,4,102.72018071024203,3.6519196294049627,102.72018071024203,3.6519196294049627,0.03555211453245464,3.5552114532454637,0.03964754063976636,0.0015223442193913982,0.03964754063976636,0.0015223442193913982,0.03839693950308967,3.839693950308967,0.0026864727152440837,0.00011739594961300479,0.0026864727152440837,0.00011739594961300479,0.04369891752365652,4.3698917523656515,33.09054669032939,1.1764389096777144,33.09054669032939,1.1764389096777144,0.03555211464733899,3.5552114647338993,g
mfvdm,urban,WLTC_urban,G_HEV,V2,7,132.79147642016218,26.776033149267487,132.79147642016218,26.776033149267487,0.20163969760036488,20.163969760036487,0.04037472796717716,0.0012670916282730654,0.04037472796717716,0.0012670916282730654,0.03138328583422665,3.138328583422665,0.002334182807926102,0.00046907735757305703,0.002334182807926102,0.00046907735757305703,0.2009599916425687,20.09599916425687,42.77779225263108,8.625701093761302,42.77779225263108,8.625701093761302,0.20163969759871775,20.163969759871776,g
mfvdm,urban,WLTC_urban,G_HEV,sens_relvel,15,106.85617270382245,20.67171431408054,106.85617270382245,20.67171431408054,0.19345362828385368,19.34536282838537,0.041085390390682854,0.0013396846134506703,0.041085390390682854,0.0013396846134506703,0.03260732344786183,3.260732344786183,0.0027466708263261834,0.0003430829622890396,0.0027466708263261834,0.0003430829622890396,0.12490865632702376,12.490865632702377,34.422925928050326,6.659239916387281,34.422925928050326,6.659239916387281,0.19345362826815496,19.345362826815496,g
mfvdm,urban,WLTC_urban,G_HEV,sens_vel,15,102.83949944088391,10.413380579159337,102.83949944088391,10.413380579159337,0.10125856928295676,10.125856928295676,0.04122122697336007,0.00039142584642347416,0.04122122697336007,0.00039142584642347416,0.009495734968695616,0.9495734968695615,0.0028459017147054954,0.00010327755414079072,0.0028459017147054954,0.00010327755414079072,0.03628992301706325,3.628992301706325,33.12898433839722,3.3545935547472916,33.12898433839722,3.3545935547472916,0.10125856924805401,10.125856924805401,g
midm,highway,CADC_highway,B,acc_exp,15,0.0,0.0,0.0,0.0,,,0.0,0.0,0.0,0.0,,,0.0,0.0,0.0,0.0,,,0.23588818792074392,0.008083133284575706,0.23588818792074392,0.008083133284575706,0.03426679968940012,3.4266799689400123,kWh
midm,highway,CADC_highway,B,des_dec,15,0.0,0.0,0.0,0.0,,,0.0,0.0,0.0,0.0,,,0.0,0.0,0.0,0.0,,,0.23500095267000587,0.002197657125711096,0.23500095267000587,0.002197657125711096,0.009351694538860447,0.9351694538860447,kWh
midm,highway,CADC_highway,B,des_vel,9,0.0,0.0,0.0,0.0,,,0.0,0.0,0.0,0.0,,,0.0,0.0,0.0,0.0,,,0.22423028955158586,0.026475836496679533,0.22423028955158586,0.026475836496679533,0.11807430900448697,11.807430900448697,kWh
midm,highway,CADC_highway,B,jam_dis_0,15,0.0,0.0,0.0,0.0,,,0.0,0.0,0.0,0.0,,,0.0,0.0,0.0,0.0,,,0.23269690337015675,4.634937133750628e-05,0.23269690337015675,4.634937133750628e-05,0.00019918344707740775,0.019918344707740773,kWh
midm,highway,CADC_highway,B,max_acc,15,0.0,0.0,0.0,0.0,,,0.0,0.0,0.0,0.0,,,0.0,0.0,0.0,0.0,,,0.2329142793703638,0.0027577791830360908,0.2329142793703638,0.0027577791830360908,0.011840318208446403,1.1840318208446403,kWh
midm,highway,CADC_highway,B,safe_head,15,0.0,0.0,0.0,0.0,,,0.0,0.0,0.0,0.0,,,0.0,0.0,0.0,0.0,,,0.23068363640322948,0.009929285406896375,0.23068363640322948,0.009929285406896375,0.04304286841369286,4.3042868413692865,kWh
midm,highway,CADC_highway,D,acc_exp,15,154.64630032885208,3.653360817467661,154.64630032885208,3.653360817467661,0.02362397813396678,2.362397813396678,0.32361965815524096,0.012111040848158366,0.32361965815524096,0.012111040848158366,0.03742368716781932,3.742368716781932,0.0005911057500746066,1.748893100768643e-05,0.0005911057500746066,1.748893100768643e-05,0.029586805754264884,2.9586805754264884,49.36037596657689,1.1660884423864546,49.36037596657689,1.1660884423864546,0.02362397813128574,2.362397813128574,g
midm,highway,CADC_highway,D,des_dec,15,155.16536607290539,2.0286916817322096,155.16536607290539,2.0286916817322096,0.013074384658616515,1.3074384658616516,0.32320520197253777,0.00524021091490213,0.32320520197253777,0.00524021091490213,0.01621326291446071,1.621326291446071,0.0005882513739297181,7.53222770706398e-06,0.0005882513739297181,7.53222770706398e-06,0.01280443708400739,1.280443708400739,49.52605261221476,0.6475226626837874,49.52605261221476,0.6475226626837874,0.013074384662832728,1.3074384662832728,g
midm,highway,CADC_highway,D,des_vel,9,149.85198299688963,11.152618477482022,149.85198299688963,11.152618477482022,0.07442423019329353,7.442423019329353,0.3128707571329142,0.03826516539346679,0.3128707571329142,0.03826516539346679,0.12230342568324765,12.230342568324765,0.0005828259003891385,5.697829029437658e-05,0.0005828259003891385,5.697829029437658e-05,0.09776211087450572,9.776211087450571,47.83011429549738,3.5597194361365867,47.83011429549738,3.5597194361365867,0.07442423018570313,7.442423018570313,g
midm,highway,CADC_highway,D,jam_dis_0,15,153.00523522869545,0.03957259699593434,153.00523522869545,0.03957259699593434,0.00025863557502974036,0.025863557502974036,0.31789317663570926,8.594175650077296e-05,0.31789317663570926,8.594175650077296e-05,0.00027034791186870364,0.027034791186870365,0.0005811254584972672,3.2870649300996817e-07,0.0005811254584972672,3.2870649300996817e-07,0.0005656377434572744,0.05656377434572744,48.83657688326655,0.012630876218356164,48.83657688326655,0.012630876218356164,0.00025863557653820797,0.0258635576538208,g
midm,highway,CADC_highway,D,max_acc,15,153.25366649977155,1.4502922494988668,153.25366649977155,1.4502922494988668,0.009463344549091285,0.9463344549091285,0.31822967835923865,0.003917102624528571,0.31822967835923865,0.003917102624528571,0.012309042464941584,1.2309042464941584,0.0005822043221562366,5.07220771849e-06,0.0005822043221562366,5.07220771849e-06,0.0087120749974935,0.87120749974935,48.91587177090457,0.4629077488105641,48.91587177090457,0.4629077488105641,0.009463344555701124,0.9463344555701124,g
midm,highway,CADC_highway,D,safe_head,15,152.45744827748493,4.909710773350255,152.45744827748493,4.909710773350255,0.032203810498088514,3.2203810498088514,0.3169018480480801,0.01860038842031971,0.3169018480480801,0.01860038842031971,0.058694477595781246,5.869447759578125,0.0005807098140477809,2.4733502987662668e-05,0.0005807098140477809,2.4733502987662668e-05,0.04259184602936225,4.259184602936225,48.661732937452946,1.5670932259494117,48.661732937452946,1.5670932259494117,0.032203810496507904,3.2203810496507903,g
midm,highway,CADC_highway,D_HEV,acc_exp,15,150.09862390119395,4.7219773329998445,150.09862390119395,4.7219773329998445,0.03145916471631479,3.145916471631479,0.2767950935076625,0.00952714432730843,0.2767950935076625,0.00952714432730843,0.034419484126602444,3.441948412660244,0.0005145850861936244,1.0375099363991517e-05,0.0005145850861936244,1.0375099363991517e-05,0.02016206773642804,2.016206773642804,47.90883772607367,1.5071720173120735,47.90883772607367,1.5071720173120735,0.03145916471465175,3.145916471465175,g
midm,highway,CADC_highway,D_HEV,des_dec,15,150.88639440422105,2.3555864840211203,150.88639440422105,2.3555864840211203,0.015611655996700141,1.561165599670014,0.27685216924421735,0.004346307654860019,0.27685216924421735,0.004346307654860019,0.015699019685217083,1.5699019685217082,0.000513693466843148,5.839836626521028e-06,0.000513693466843148,5.839836626521028e-06,0.011368329565118206,1.1368329565118205,48.160280199146975,0.7518617272048267,48.160280199146975,0.7518617272048267,0.015611655997344962,1.5611655997344962,g
midm,highway,CADC_highway,D_HEV,des_vel,9,143.50858339660385,14.317105002678097,143.50858339660385,14.317105002678097,0.099764799176583,9.9764799176583,0.2674269912998263,0.03012537867684506,0.2674269912998263,0.03012537867684506,0.11264898329978194,11.264898329978195,0.0005108320458413906,3.744624284905084e-05,0.0005108320458413906,3.744624284905084e-05,0.07330441219162982,7.330441219162982,45.80541283890837,4.569767812920341,45.80541283890837,4.569767812920341,0.0997647991732247,9.97647991732247,g
midm,highway,CADC_highway,D_HEV,jam_dis_0,15,148.28780410765026,0.016573253898467154,148.28780410765026,0.016573253898467154,0.00011176410628102442,0.011176410628102443,0.27240152058495964,4.429508569923557e-05,0.27240152058495964,4.429508569923557e-05,0.00016260953905145446,0.016260953905145446,0.0005082281918241282,2.5655406218138514e-07,0.0005082281918241282,2.5655406218138514e-07,0.0005048009266478577,0.05048009266478577,47.3308559340184,0.00528989096358715,47.3308559340184,0.00528989096358715,0.00011176410946300073,0.011176410946300072,g
midm,highway,CADC_highway,D_HEV,max_acc,15,148.40034869690493,1.8046776789019083,148.40034869690493,1.8046776789019083,0.012160872226707559,1.216087222670756,0.27267803999617735,0.0032867298730358757,0.27267803999617735,0.0032867298730358757,0.01205351876917537,1.205351876917537,0.0005092089809275972,3.5102219025125637e-06,0.0005092089809275972,3.5102219025125637e-06,0.006893479954179502,0.6893479954179502,47.36677818517942,0.5760213373359927,47.36677818517942,0.5760213373359927,0.012160872227451262,1.2160872227451263,g
midm,highway,CADC_highway,D_HEV,safe_head,15,147.15510537200018,6.302908668051789,147.15510537200018,6.302908668051789,0.042831736297007,4.2831736297007,0.2715608200040182,0.014716336929288887,0.2715608200040182,0.014716336929288887,0.05419167952531272,5.419167952531272,0.0005089399470293157,1.5215427124111718e-05,0.0005089399470293157,1.5215427124111718e-05,0.02989631136821588,2.989631136821588,46.96931844303789,2.0117774614967283,46.96931844303789,2.0117774614967283,0.04283173629475834,4.283173629475834,g
midm,highway,CADC_highway,G,acc_exp,15,150.08498180752835,2.2665114914138553,150.08498180752835,2.2665114914138553,0.015101520912468577,1.5101520912468576,0.031951955508727266,0.0009648776551020357,0.031951955508727266,0.0009648776551020357,0.030197765355503572,3.019776535550357,0.0009197806321107449,7.73243468475498e-06,0.0009197806321107449,7.73243468475498e-06,0.008406824861065315,0.8406824861065315,48.34876713628477,0.7301399182375553,48.34876713628477,0.7301399182375553,0.015101520917367923,1.5101520917367923,g
midm,highway,CADC_highway,G,des_dec,15,150.40307377659718,1.4680809973953222,150.40307377659718,1.4680809973953222,0.009760977355927925,0.9760977355927924,0.031981238661086486,0.000446021343437462,0.031981238661086486,0.000446021343437462,0.01394634360989161,1.394634360989161,0.0009169303477099499,4.354882544510292e-06,0.0009169303477099499,4.354882544510292e-06,0.004749414778763393,0.4749414778763393,48.451238111815904,0.47293143766149287,48.451238111815904,0.47293143766149287,0.009760977347370574,0.9760977347370574,g
midm,highway,CADC_highway,G,des_vel,9,147.70012720598191,7.247954966149706,147.70012720598191,7.247954966149706,0.04907209697958988,4.907209697958987,0.030495723813074027,0.0030057621989564966,0.030495723813074027,0.0030057621989564966,0.09856339916312713,9.856339916312713,0.0009431891472817441,2.9540682236771534e-05,0.0009431891472817441,2.9540682236771534e-05,0.03131999803210979,3.131999803210979,47.58050386027094,2.3348751004054455,47.58050386027094,2.3348751004054455,0.049072096992966774,4.907209699296677,g
midm,highway,CADC_highway,G,jam_dis_0,15,148.9078027208602,0.06629267153991926,148.9078027208602,0.06629267153991926,0.00044519273220484137,0.044519273220484136,0.03152400053334439,6.9077456624693534e-06,0.03152400053334439,6.9077456624693534e-06,0.00021912655581777165,0.021912655581777164,0.0009156357798365753,7.463855642525847e-07,0.0009156357798365753,7.463855642525847e-07,0.0008151555243787013,0.08151555243787013,47.969547597796414,0.021355694004971035,47.969547597796414,0.021355694004971035,0.0004451927331904222,0.04451927331904222,g
midm,highway,CADC_highway,G,max_acc,15,149.2399445618749,0.9436985761517825,149.2399445618749,0.9436985761517825,0.006323364558478009,0.632336455847801,0.03157206723376285,0.0003814877911706266,0.03157206723376285,0.0003814877911706266,0.012083079272131645,1.2083079272131645,0.0009187035064902113,2.1720992196846687e-06,0.0009187035064902113,2.1720992196846687e-06,0.002364309273165719,0.2364309273165719,48.07654463598163,0.3040055175616045,48.07654463598163,0.3040055175616045,0.006323364540097991,0.6323364540097991,g
midm,highway,CADC_highway,G,safe_head,15,148.86923171165034,3.1320832479766394,148.86923171165034,3.1320832479766394,0.02103915773571851,2.103915773571851,0.031271826173194066,0.001079774835690145,0.031271826173194066,0.001079774835690145,0.03452867861665586,3.452867861665586,0.000924817200989282,1.0191276325282644e-05,0.000924817200989282,1.0191276325282644e-05,0.011019773761107578,1.1019773761107579,47.95712222671235,1.008977458359108,47.95712222671235,1.008977458359108,0.021039157720708742,2.103915772070874,g
midm,highway,CADC_highway,G_HEV,acc_exp,15,141.4080493940049,5.500152530307421,141.4080493940049,5.500152530307421,0.0388956113451672,3.8895611345167196,0.027877514507490212,0.0009870820656740556,0.027877514507490212,0.0009870820656740556,0.03540782179160353,3.5407821791603533,0.0008669482791749043,6.956798932098987e-06,0.0008669482791749043,6.956798932098987e-06,0.008024468240158388,0.8024468240158388,45.55355752308819,1.7718334690124729,45.55355752308819,1.7718334690124729,0.03889561134966119,3.889561134966119,g
midm,highway,CADC_highway,G_HEV,des_dec,15,142.04388124446106,2.376421441341324,142.04388124446106,2.376421441341324,0.016730192251304676,1.6730192251304676,0.027862432603717426,0.0004073511982887435,0.027862432603717426,0.0004073511982887435,0.014620087344218265,1.4620087344218264,0.0008618611013291821,3.2262154503558555e-06,0.0008618611013291821,3.2262154503558555e-06,0.0037433125191290236,0.37433125191290234,45.758386052593764,0.7655465958969665,45.758386052593764,0.7655465958969665,0.016730192254094424,1.6730192254094425,g
midm,highway,CADC_highway,G_HEV,des_vel,9,133.13242644980303,16.40307126925856,133.13242644980303,16.40307126925856,0.12320868556724807,12.320868556724808,0.02653280024154059,0.0029259852083238316,0.02653280024154059,0.0029259852083238316,0.11027804007444404,11.027804007444404,0.0008781043732785528,2.3052846645760744e-05,0.0008781043732785528,2.3052846645760744e-05,0.02625296872134801,2.625296872134801,42.88762678288435,5.28412812309434,42.88762678288435,5.28412812309434,0.12320868556903077,12.320868556903077,g
midm,highway,CADC_highway,G_HEV,jam_dis_0,15,139.419404637617,0.027539214400368085,139.419404637617,0.027539214400368085,0.0001975278439321185,0.019752784393211847,0.027445796822685106,3.81477236997295e-06,0.027445796822685106,3.81477236997295e-06,0.00013899295380704268,0.013899295380704267,0.0008620163893278862,7.145793923790153e-07,0.0008620163893278862,7.145793923790153e-07,0.0008289626522486104,0.08289626522486104,44.91293031931523,0.008871554147475787,44.91293031931523,0.008871554147475787,0.00019752784074435,0.019752784074435,g
midm,highway,CADC_highway,G_HEV,max_acc,15,139.49871650714442,2.0647857013637574,139.49871650714442,2.0647857013637574,0.014801467375923917,1.4801467375923918,0.02748469652932813,0.00036461475689799873,0.02748469652932813,0.00036461475689799873,0.013266100883047001,1.3266100883047,0.0008650254900371021,2.283275700835321e-06,0.0008650254900371021,2.283275700835321e-06,0.002639547304828426,0.26395473048284257,44.93848005155414,0.6651554463817355,44.93848005155414,0.6651554463817355,0.014801467375368697,1.4801467375368698,g
midm,highway,CADC_highway,G_HEV,safe_head,15,137.92025692788738,7.232709773201668,137.92025692788738,7.232709773201668,0.05244124347146006,5.2441243471460055,0.027191382575489417,0.0011660664760822703,0.027191382575489417,0.0011660664760822703,0.04288367731375948,4.288367731375948,0.0008696412658882766,9.233088001738781e-06,0.0008696412658882766,9.233088001738781e-06,0.010617122673344899,1.0617122673344899,44.42999096938306,2.3299639736721405,44.42999096938306,2.3299639736721405,0.052441243467227595,5.244124346722759,g
midm,highway,HWFET,B,acc_exp,15,0.0,0.0,0.0,0.0,,,0.0,0.0,0.0,0.0,,,0.0,0.0,0.0,0.0,,,0.18838635478880839,0.00294401277683243,0.18838635478880839,0.00294401277683243,0.015627526633406292,1.5627526633406292,kWh
midm,highway,HWFET,B,des_dec,15,0.0,0.0,0.0,0.0,,,0.0,0.0,0.0,0.0,,,0.0,0.0,0.0,0.0,,,0.19301968316848878,0.005887278006400364,0.19301968316848878,0.005887278006400364,0.030500920474837278,3.050092047483728,kWh
midm,highway,HWFET,B,des_vel,9,0.0,0.0,0.0,0.0,,,0.0,0.0,0.0,0.0,,,0.0,0.0,0.0,0.0,,,0.18472743528689367,0.004429108808200087,0.18472743528689367,0.004429108808200087,0.023976453748309742,2.397645374830974,kWh
midm,highway,HWFET,B,jam_dis_0,15,0.0,0.0,0.0,0.0,,,0.0,0.0,0.0,0.0,,,0.0,0.0,0.0,0.0,,,0.1869845063694568,0.0002280372491627984,0.1869845063694568,0.0002280372491627984,0.001219551574568573,0.1219551574568573,kWh
midm,highway,HWFET,B,max_acc,15,0.0,0.0,0.0,0.0,,,0.0,0.0,0.0,0.0,,,0.0,0.0,0.0,0.0,,,0.187805959568121,0.007086478788655218,0.187805959568121,0.007086478788655218,0.03773298145038262,3.773298145038262,kWh
midm,highway,HWFET,B,safe_head,15,0.0,0.0,0.0,0.0,,,0.0,0.0,0.0,0.0,,,0.0,0.0,0.0,0.0,,,0.18775986389101418,0.005828418980058416,0.18775986389101418,0.005828418980058416,0.031041879021820873,3.1041879021820873,kWh
midm,highway,HWFET,D,acc_exp,15,135.42007444638236,1.1414513410299238,135.42007444638236,1.1414513410299238,0.008428967017603178,0.8428967017603178,0.2709973423883447,0.004482006432597026,0.2709973423883447,0.004482006432597026,0.016538931316065156,1.6538931316065157,0.0005297392340266237,5.061893346060283e-06,0.0005297392340266237,5.061893346060283e-06,0.009555443548298487,0.9555443548298487,43.22370321178089,0.36433116850376485,43.22370321178089,0.36433116850376485,0.00842896701188861,0.8428967011888611,g
midm,highway,HWFET,D,des_dec,15,139.44257668314486,4.261972676239175,139.44257668314486,4.261972676239175,0.030564356867297773,3.056435686729777,0.2798520279245175,0.01141074718433359,0.2798520279245175,0.01141074718433359,0.04077421653493013,4.077421653493013,0.0005409274146645851,1.5431322779382275e-05,0.0005409274146645851,1.5431322779382275e-05,0.028527529500332008,2.8527529500332007,44.50761509562057,1.360346631270422,44.50761509562057,1.360346631270422,0.030564356871241937,3.0564356871241936,g
midm,highway,HWFET,D,des_vel,9,134.0549060348739,1.8441791001524388,134.0549060348739,1.8441791001524388,0.013756893758686327,1.3756893758686326,0.26610421770777715,0.0047697104398422155,0.26610421770777715,0.0047697104398422155,0.017924219619397698,1.7924219619397699,0.0005239270119836083,3.7112745913068133e-06,0.0005239270119836083,3.7112745913068133e-06,0.007083571769387842,0.7083571769387842,42.78796549397099,0.5886294955140366,42.78796549397099,0.5886294955140366,0.013756893760162005,1.3756893760162006,g
midm,highway,HWFET,D,jam_dis_0,15,135.0900017692412,0.1704935366997811,135.0900017692412,0.1704935366997811,0.001262073687666506,0.12620736876665062,0.26836542536482566,0.0004195807349875723,0.26836542536482566,0.0004195807349875723,0.0015634679259341217,0.15634679259341216,0.000524927338156554,3.3585163820757013e-07,0.000524927338156554,3.3585163820757013e-07,0.0006398059575007427,0.06398059575007427,43.118349825274784,0.05441853489609443,43.118349825274784,0.05441853489609443,0.0012620736905890539,0.1262073690589054,g
midm,highway,HWFET,D,max_acc,15,135.2973336748057,3.773229821920185,135.2973336748057,3.773229821920185,0.02788842706234952,2.788842706234952,0.269123653621728,0.009481837295222915,0.269123653621728,0.009481837295222915,0.03523227025057521,3.523227025057521,0.0005273780931205761,1.1474339405787321e-05,0.0005273780931205761,1.1474339405787321e-05,0.02175733037732363,2.1757330377323627,43.184526519512396,1.2043485205774176,43.184526519512396,1.2043485205774176,0.027888427120608756,2.7888427120608754,g
midm,highway,HWFET,D,safe_head,15,135.30660776715774,2.89012541827275,135.30660776715774,2.89012541827275,0.02135982466758918,2.135982466758918,0.2712680339502814,0.012502346874692568,0.2712680339502814,0.012502346874692568,0.04608853720296446,4.6088537202964455,0.0005308821911248896,1.260497805589572e-05,0.0005308821911248896,1.260497805589572e-05,0.023743456206709354,2.3743456206709355,43.18748664911382,0.9224771436332908,43.18748664911382,0.9224771436332908,0.0213598246901506,2.13598246901506,g
midm,highway,HWFET,D_HEV,acc_exp,15,124.6792578169353,1.8558187879127928,124.6792578169353,1.8558187879127928,0.01488474362461849,1.488474362461849,0.2336790712808145,0.003786800949404248,0.2336790712808145,0.003786800949404248,0.016205135225197856,1.6205135225197855,0.0004771836447069557,3.9479202655846984e-06,0.0004771836447069557,3.9479202655846984e-06,0.008273377156522547,0.8273377156522547,39.795423670840606,0.5923446785948627,39.795423670840606,0.5923446785948627,0.014884743620128683,1.4884743620128684,g
midm,highway,HWFET,D_HEV,des_dec,15,129.74634731891175,5.374237984147748,129.74634731891175,5.374237984147748,0.04142111200200549,4.142111200200549,0.2416637740409823,0.009922994193491777,0.2416637740409823,0.009922994193491777,0.04106115710917019,4.1061157109170185,0.0004862112388426851,1.2161412161258559e-05,0.0004862112388426851,1.2161412161258559e-05,0.025012610136709357,2.501261013670936,41.41274941582587,1.7153621315495082,41.41274941582587,1.7153621315495082,0.04142111199441356,4.142111199441356,g
midm,highway,HWFET,D_HEV,des_vel,9,122.70637549019312,2.9741821428810424,122.70637549019312,2.9741821428810424,0.02423820385044902,2.423820385044902,0.22945983604729714,0.004315813029172018,0.22945983604729714,0.004315813029172018,0.018808577150218247,1.8808577150218246,0.0004725762890285645,2.5531911632142114e-06,0.0004725762890285645,2.5531911632142114e-06,0.00540270686974709,0.5402706869747089,39.16571437179567,0.9493065686937401,39.16571437179567,0.9493065686937401,0.024238203845385806,2.4238203845385806,g
midm,highway,HWFET,D_HEV,jam_dis_0,15,124.44384504003446,0.24619703761047115,124.44384504003446,0.24619703761047115,0.0019783785813695153,0.19783785813695154,0.23162498119715105,0.00034653301927952063,0.23162498119715105,0.00034653301927952063,0.0014960951857976143,0.14960951857976143,0.0004733083286219097,1.9594764126515794e-07,0.0004733083286219097,1.9594764126515794e-07,0.0004139957600908513,0.041399576009085136,39.72028405768147,0.07858175920201226,39.72028405768147,0.07858175920201226,0.001978378580774913,0.19783785807749127,g
midm,highway,HWFET,D_HEV,max_acc,15,124.33927192689023,4.769611154345538,124.33927192689023,4.769611154345538,0.038359651624387855,3.8359651624387854,0.23214307808952472,0.008250387169800814,0.23214307808952472,0.008250387169800814,0.035540095520828305,3.5540095520828303,0.00047535628867569627,8.794533996773706e-06,0.00047535628867569627,8.794533996773706e-06,0.018500931209460923,1.8500931209460922,39.68690616178754,1.5223758943540298,39.68690616178754,1.5223758943540298,0.038359651622827846,3.835965162282785,g
midm,highway,HWFET,D_HEV,safe_head,15,124.02046553816439,4.041215283838429,124.02046553816439,4.041215283838429,0.032585067845877745,3.2585067845877744,0.23396671841855052,0.010706717753333027,0.23396671841855052,0.010706717753333027,0.04576171271582071,4.576171271582071,0.0004786517966842551,9.748560669576157e-06,0.0004786517966842551,9.748560669576157e-06,0.02036670652258481,2.036670652258481,39.58514877589296,1.2898847586808018,39.58514877589296,1.2898847586808018,0.03258506784914072,3.2585067849140716,g
midm,highway,HWFET,G,acc_exp,15,137.96212709222678,0.2565638600423209,137.96212709222678,0.2565638600423209,0.0018596687761331023,0.18596687761331024,0.02660685516826943,0.00033677369326692597,0.02660685516826943,0.00033677369326692597,0.012657403181889479,1.265740318188948,0.0009479933271130263,8.71556340825598e-06,0.0009479933271130263,8.71556340825598e-06,0.009193697000798456,0.9193697000798455,44.443479126868716,0.08265015055719863,44.443479126868716,0.08265015055719863,0.0018596687788835081,0.1859668778883508,g
midm,highway,HWFET,G,des_dec,15,140.55437481340792,2.4692236692155323,140.55437481340792,2.4692236692155323,0.017567746806127767,1.7567746806127766,0.02750558415349125,0.001018913146801678,0.02750558415349125,0.001018913146801678,0.03704386502448989,3.704386502448989,0.000952171599707851,5.3995606025504714e-06,0.000952171599707851,5.3995606025504714e-06,0.005670785186417223,0.5670785186417223,45.27855256265555,0.7954421467666528,45.27855256265555,0.7954421467666528,0.017567746797248786,1.7567746797248787,g
midm,highway,HWFET,G,des_vel,9,137.56519674986674,0.5651234250421027,137.56519674986674,0.5651234250421027,0.004108040684662853,0.41080406846628525,0.0261825682437277,0.0005081407492599293,0.0261825682437277,0.0005081407492599293,0.019407597624868583,1.9407597624868582,0.0009487059716027767,9.478300841403428e-06,0.0009487059716027767,9.478300841403428e-06,0.009990767556138029,0.9990767556138029,44.315610951443226,0.18205033267025517,44.315610951443226,0.18205033267025517,0.004108040682768164,0.4108040682768164,g
midm,highway,HWFET,G,jam_dis_0,15,137.91360466445647,0.08601476142628055,137.91360466445647,0.08601476142628055,0.0006236858331384659,0.06236858331384659,0.026443837380900583,3.653970799428509e-05,0.026443837380900583,3.653970799428509e-05,0.0013817853841695603,0.13817853841695601,0.0009430987614015627,9.85500037427717e-07,0.0009430987614015627,9.85500037427717e-07,0.001044959528907811,0.1044959528907811,44.427847985536005,0.027709019379145255,44.427847985536005,0.027709019379145255,0.0006236858329974984,0.062368583299749834,g
midm,highway,HWFET,G,max_acc,15,138.28432225279462,2.292982296261851,138.28432225279462,2.292982296261851,0.016581650464107558,1.6581650464107558,0.026558890029404515,0.0009732273825955042,0.026558890029404515,0.0009732273825955042,0.036644128633312664,3.6644128633312665,0.0009514687669886083,3.397777961715713e-06,0.0009514687669886083,3.397777961715713e-06,0.003571087228085958,0.3571087228085958,44.54727191421552,0.7386672873482032,44.54727191421552,0.7386672873482032,0.01658165035943506,1.658165035943506,g
midm,highway,HWFET,G,safe_head,15,138.44850870964603,1.38428002248329,138.44850870964603,1.38428002248329,0.00999851883841089,0.999851883841089,0.02645786143907123,0.0005344550423841039,0.02645786143907123,0.0005344550423841039,0.020200235896422673,2.020023589642267,0.0009573131986923004,9.838088321835515e-06,0.0009573131986923004,9.838088321835515e-06,0.010276770794839603,1.0276770794839603,44.60016336195851,0.445935570364461,44.60016336195851,0.445935570364461,0.00999851876652137,0.999851876652137,g
midm,highway,HWFET,G_HEV,acc_exp,15,110.89256610247317,2.1637653108700223,110.89256610247317,2.1637653108700223,0.019512266574032912,1.9512266574032913,0.022845218070033695,0.00031519397106090065,0.022845218070033695,0.00031519397106090065,0.01379693422468765,1.3796934224687651,0.0009011333201179003,1.0309268920546785e-05,0.0009011333201179003,1.0309268920546785e-05,0.011440337062664563,1.1440337062664563,35.72322021630203,0.6970409956490525,35.72322021630203,0.6970409956490525,0.01951226657139277,1.9512266571392771,g
midm,highway,HWFET,G_HEV,des_dec,15,115.94046089710403,5.415243760581702,115.94046089710403,5.415243760581702,0.04670710913757429,4.6707109137574285,0.023633551517997387,0.0009129990641862634,0.023633551517997387,0.0009129990641862634,0.03863147963567802,3.863147963567802,0.0009029640896990346,2.4999383335556833e-06,0.0009029640896990346,2.4999383335556833e-06,0.0027685910902491523,0.27685910902491523,37.349362199763405,1.7444807368024293,37.349362199763405,1.7444807368024293,0.046707109146122985,4.6707109146122985,g
midm,highway,HWFET,G_HEV,des_vel,9,108.67452475164988,3.378176436558554,108.67452475164988,3.378176436558554,0.031085265330385234,3.1085265330385234,0.022482659042969935,0.0004299968940652076,0.022482659042969935,0.0004299968940652076,0.01912571343288963,1.9125713432889628,0.0009052668180473161,1.238920601166632e-05,0.0009052668180473161,1.238920601166632e-05,0.01368569549294887,1.368569549294887,35.00869459551434,1.0882545601912896,35.00869459551434,1.0882545601912896,0.031085265325223738,3.1085265325223737,g
midm,highway,HWFET,G_HEV,jam_dis_0,15,110.57819486466836,0.27369239552524727,110.57819486466836,0.27369239552524727,0.0024751027619885364,0.24751027619885363,0.02269412769273519,3.2233995531066066e-05,0.02269412769273519,3.2233995531066066e-05,0.0014203672407018652,0.14203672407018653,0.000897691722238396,1.2231067098478377e-06,0.000897691722238396,1.2231067098478377e-06,0.001362501936408658,0.1362501936408658,35.62194784633297,0.08816798130425178,35.62194784633297,0.08816798130425178,0.0024751027564408738,0.24751027564408737,g
midm,highway,HWFET,G_HEV,max_acc,15,110.49821461617098,5.217986939522992,110.49821461617098,5.217986939522992,0.047222364249488606,4.722236424948861,0.02278350712424527,0.0008802573637304549,0.02278350712424527,0.0008802573637304549,0.03863572710426664,3.8635727104266637,0.0009057871334796855,3.3341525237117834e-06,0.0009057871334796855,3.3341525237117834e-06,0.003680944893645434,0.36809448936454336,35.59618280104218,1.6809359100486387,35.59618280104218,1.6809359100486387,0.04722236424742218,4.722236424742218,g
midm,highway,HWFET,G_HEV,safe_head,15,110.08474717490597,4.500633153892231,110.08474717490597,4.500633153892231,0.04088334914138004,4.088334914138004,0.0227451171116035,0.000572851162441388,0.0227451171116035,0.000572851162441388,0.02518567654018128,2.5185676540181277,0.0009117783927891519,1.2031614713204852e-05,0.0009117783927891519,1.2031614713204852e-05,0.01319576643662267,1.319576643662267,35.46298732171137,1.4498456922408811,35.46298732171137,1.4498456922408811,0.040883349140562894,4.088334914056289,g
midm,highway,WLTC_highway,B,acc_exp,15,0.0,0.0,0.0,0.0,,,0.0,0.0,0.0,0.0,,,0.0,0.0,0.0,0.0,,,0.19504838606436792,0.007122015827189356,0.19504838606436792,0.007122015827189356,0.03651409771131877,3.651409771131877,kWh
midm,highway,WLTC_highway,B,des_dec,15,0.0,0.0,0.0,0.0,,,0.0,0.0,0.0,0.0,,,0.0,0.0,0.0,0.0,,,0.20280767655538776,0.0110952048480709,0.20280767655538776,0.0110952048480709,0.05470801222379147,5.470801222379147,kWh
midm,highway,WLTC_highway,B,des_vel,9,0.0,0.0,0.0,0.0,,,0.0,0.0,0.0,0.0,,,0.0,0.0,0.0,0.0,,,0.18904945805912116,0.010852019171234769,0.18904945805912116,0.010852019171234769,0.05740306945413741,5.7403069454137405,kWh
midm,highway,WLTC_highway,B,jam_dis_0,15,0.0,0.0,0.0,0.0,,,0.0,0.0,0.0,0.0,,,0.0,0.0,0.0,0.0,,,0.19161791352519142,3.504857827107066e-05,0.19161791352519142,3.504857827107066e-05,0.00018290867292249755,0.018290867292249754,kWh
midm,highway,WLTC_highway,B,max_acc,15,0.0,0.0,0.0,0.0,,,0.0,0.0,0.0,0.0,,,0.0,0.0,0.0,0.0,,,0.19267232111440763,0.009422849539875674,0.19267232111440763,0.009422849539875674,0.048906088250633806,4.890608825063381,kWh
midm,highway,WLTC_highway,B,safe_head,15,0.0,0.0,0.0,0.0,,,0.0,0.0,0.0,0.0,,,0.0,0.0,0.0,0.0,,,0.19228633613036525,0.013335894647813136,0.19228633613036525,0.013335894647813136,0.0693543541168299,6.93543541168299,kWh
midm,highway,WLTC_highway,D,acc_exp,15,142.75688693927387,3.6693620265678986,142.75688693927387,3.6693620265678986,0.025703572732913245,2.5703572732913247,0.29216147586426083,0.01033380275783801,0.29216147586426083,0.01033380275783801,0.03537017578128312,3.537017578128312,0.0005773880194332094,1.1564234246583142e-05,0.0005773880194332094,1.1564234246583142e-05,0.020028531693357835,2.0028531693357836,45.56548457181138,1.1711957472460952,45.56548457181138,1.1711957472460952,0.025703572742659768,2.5703572742659766,g
midm,highway,WLTC_highway,D,des_dec,15,154.02680200966037,12.778401057843153,154.02680200966037,12.778401057843153,0.08296219158690127,8.296219158690127,0.31799303650524685,0.031777079371662534,0.31799303650524685,0.031777079371662534,0.09993011080020368,9.993011080020368,0.0006121316937272223,4.5816356896137945e-05,0.0006121316937272223,4.5816356896137945e-05,0.0748472222001212,7.48472222001212,49.16264301676583,4.078640609293284,49.16264301676583,4.078640609293284,0.08296219159540211,8.296219159540211,g
midm,highway,WLTC_highway,D,des_vel,9,139.8944383445197,5.719017717746206,139.8944383445197,5.719017717746206,0.04088095127600364,4.088095127600364,0.2842565510633306,0.015786458699538833,0.2842565510633306,0.015786458699538833,0.05553595384340573,5.553595384340573,0.0005685603588662137,1.9752873293191437e-05,0.0005685603588662137,1.9752873293191437e-05,0.03474191083701533,3.474191083701533,44.65184138404331,1.825409752943262,44.65184138404331,1.825409752943262,0.04088095129701833,4.088095129701833,g
midm,highway,WLTC_highway,D,jam_dis_0,15,141.05179171289868,0.029862302987522002,141.05179171289868,0.029862302987522002,0.00021171161759011675,0.021171161759011674,0.2862834116736472,0.00018163189029830597,0.2862834116736472,0.00018163189029830597,0.0006344478334824366,0.06344478334824366,0.0005675803904575575,9.790660327558296e-07,0.0005675803904575575,9.790660327558296e-07,0.0017249821333089946,0.17249821333089946,45.02124820001888,0.00953152086906114,45.02124820001888,0.00953152086906114,0.00021171160841020715,0.021171160841020716,g
midm,highway,WLTC_highway,D,max_acc,15,141.48885413767778,6.264788249391085,141.48885413767778,6.264788249391085,0.0442776096221335,4.42776096221335,0.2883599113526973,0.014387629642751074,0.2883599113526973,0.014387629642751074,0.049894694360456196,4.98946943604562,0.0005731534810647593,1.6393389082781595e-05,0.0005731534810647593,1.6393389082781595e-05,0.028602092850116258,2.8602092850116256,45.16075083060746,1.9996101007319718,45.16075083060746,1.9996101007319718,0.044277609737541086,4.427760973754109,g
midm,highway,WLTC_highway,D,safe_head,15,140.8241836528231,7.6793253984293735,140.8241836528231,7.6793253984293735,0.05453129710562626,5.453129710562625,0.2909874123337117,0.027678100860529416,0.2909874123337117,0.027678100860529416,0.09511786313556227,9.511786313556227,0.0005781830317026484,2.8744022238671897e-05,0.0005781830317026484,2.8744022238671897e-05,0.04971439952851219,4.971439952851219,44.94859972014872,2.4511054529516736,44.94859972014872,2.4511054529516736,0.05453129726426022,5.453129726426022,g
midm,highway,WLTC_highway,D_HEV,acc_exp,15,130.34385031709374,5.388020421620798,130.34385031709374,5.388020421620798,0.041336974537065634,4.133697453706564,0.2525639312898057,0.009283072620273015,0.2525639312898057,0.009283072620273015,0.03675533783809023,3.6755337838090227,0.0005199707829306417,9.053942873384869e-06,0.0005199707829306417,9.053942873384869e-06,0.017412406947858384,1.7412406947858383,41.6034618515308,1.7197612429184759,41.6034618515308,1.7197612429184759,0.04133697453004616,4.133697453004616,g
midm,highway,WLTC_highway,D_HEV,des_dec,15,143.97388028289507,15.10486863126272,143.97388028289507,15.10486863126272,0.10491395106934036,10.491395106934036,0.27460509489963086,0.027037760172857302,0.27460509489963086,0.027037760172857302,0.09846051903275757,9.846051903275757,0.0005477071245096838,3.7177564348433585e-05,0.0005477071245096838,3.7177564348433585e-05,0.06787854801362231,6.787854801362231,45.953927411298,4.821208091911771,45.953927411298,4.821208091911771,0.10491395107018543,10.491395107018544,g
midm,highway,WLTC_highway,D_HEV,des_vel,9,126.31567691511603,7.738933770338109,126.31567691511603,7.738933770338109,0.061266613609161615,6.126661360916161,0.24513504204122072,0.01372438309346398,0.24513504204122072,0.01372438309346398,0.055987030573769025,5.598703057376903,0.0005122776269664765,1.4624514194402915e-05,0.0005122776269664765,1.4624514194402915e-05,0.028548024400370593,2.854802440037059,40.317739831901974,2.4701313877222764,40.317739831901974,2.4701313877222764,0.06126661360535271,6.126661360535271,g
midm,highway,WLTC_highway,D_HEV,jam_dis_0,15,128.42612925471852,0.09210904311821155,128.42612925471852,0.09210904311821155,0.0007172141966182272,0.07172141966182272,0.24731878873950003,0.00014704667525588136,0.24731878873950003,0.00014704667525588136,0.000594563300286761,0.059456330028676105,0.0005118058929069273,9.551377593698055e-07,0.0005118058929069273,9.551377593698055e-07,0.0018662109456084337,0.18662109456084336,40.991359056860546,0.02939958442189071,40.991359056860546,0.02939958442189071,0.0007172141909495979,0.07172141909495978,g
midm,highway,WLTC_highway,D_HEV,max_acc,15,128.52390113947584,7.9757965498811405,128.52390113947584,7.9757965498811405,0.06205691298792511,6.205691298792511,0.24902899941566073,0.012478650124451074,0.24902899941566073,0.012478650124451074,0.05010922484422241,5.010922484422241,0.0005163860215425704,1.2150935264927853e-05,0.0005163860215425704,1.2150935264927853e-05,0.023530720736068843,2.353072073606884,41.02256612101487,2.5457338160902907,41.02256612101487,2.5457338160902907,0.0620569129824907,6.20569129824907,g
midm,highway,WLTC_highway,D_HEV,safe_head,15,127.1140668620143,10.591835586121991,127.1140668620143,10.591835586121991,0.08332544027263096,8.332544027263095,0.2511150387749799,0.023534328300251928,0.2511150387749799,0.023534328300251928,0.09371931054014114,9.371931054014114,0.0005207181453441503,2.1109493823363722e-05,0.0005207181453441503,2.1109493823363722e-05,0.04053919382704082,4.053919382704082,40.5725718442372,3.380727412114603,40.5725718442372,3.380727412114603,0.08332544027757488,8.332544027757487,g
midm,highway,WLTC_highway,G,acc_exp,15,143.71772038884703,1.6348330869456662,143.71772038884703,1.6348330869456662,0.011375306277628202,1.13753062776282,0.028369483843583895,0.0009287449828226531,0.028369483843583895,0.0009287449828226531,0.03273746494449176,3.2737464944491763,0.0010352595158090087,1.609201292731091e-05,0.0010352595158090087,1.609201292731091e-05,0.015543941090689444,1.5543941090689444,46.29760094294706,0.5266493891910412,46.29760094294706,0.5266493891910412,0.011375306246214268,1.1375306246214267,g
midm,highway,WLTC_highway,G,des_dec,15,151.93019120950936,9.211531397034188,151.93019120950936,9.211531397034188,0.06063002569602265,6.063002569602265,0.03052208178035414,0.0025929036129560155,0.03052208178035414,0.0025929036129560155,0.08495172877182203,8.495172877182203,0.00104432357564825,2.2293924831686597e-05,0.00104432357564825,2.2293924831686597e-05,0.021347717653360396,2.1347717653360396,48.94318769127311,2.967426725973687,48.94318769127311,2.967426725973687,0.06063002566755166,6.0630025667551655,g
midm,highway,WLTC_highway,G,des_vel,9,142.57249950753436,3.2696113894518097,142.57249950753436,3.2696113894518097,0.022932973755426266,2.2932973755426267,0.027581115230680547,0.0014215645599055503,0.027581115230680547,0.0014215645599055503,0.051541228409946134,5.154122840994614,0.0010379307826835031,1.0636971676981597e-05,0.0010379307826835031,1.0636971676981597e-05,0.010248247623488334,1.0248247623488334,45.92867650466477,1.0532811313744384,45.92867650466477,1.0532811313744384,0.022932973722146366,2.293297372214637,g
midm,highway,WLTC_highway,G,jam_dis_0,15,142.90131442528232,0.06173996615598192,142.90131442528232,0.06173996615598192,0.00043204617399277603,0.043204617399277605,0.02787785998719253,4.503360580990591e-06,0.02787785998719253,4.503360580990591e-06,0.00016153896256956225,0.016153896256956225,0.0010283863249544297,2.4936536231166224e-06,0.0010283863249544297,2.4936536231166224e-06,0.0024248218423432674,0.24248218423432674,46.03460179882875,0.01988907440256335,46.03460179882875,0.01988907440256335,0.00043204619189449325,0.043204619189449324,g
midm,highway,WLTC_highway,G,max_acc,15,143.16143848038232,4.159410072631247,143.16143848038232,4.159410072631247,0.029053983508284035,2.9053983508284036,0.02804306931431206,0.0014353066812605464,0.02804306931431206,0.0014353066812605464,0.05118222492600064,5.118222492600064,0.0010377489510466295,7.7908266244581e-06,0.0010377489510466295,7.7908266244581e-06,0.0075074290526630765,0.7507429052663076,46.118398837631254,1.3399231887884553,46.118398837631254,1.3399231887884553,0.02905398328129114,2.905398328129114,g
midm,highway,WLTC_highway,G,safe_head,15,142.91543679571387,4.292810028571373,142.91543679571387,4.292810028571373,0.030037413206157708,3.0037413206157706,0.027792306336864903,0.0013747884049440618,0.027792306336864903,0.0013747884049440618,0.0494665102017994,4.9466510201799405,0.0010504213672774651,2.7387724824033513e-05,0.0010504213672774651,2.7387724824033513e-05,0.026073084266191572,2.607308426619157,46.03915120461503,1.3828969933738264,46.03915120461503,1.3828969933738264,0.03003741287991432,3.0037412879914323,g
midm,highway,WLTC_highway,G_HEV,acc_exp,15,114.49874303201938,5.946060905472835,114.49874303201938,5.946060905472835,0.05193123302506499,5.193123302506499,0.024470822971288435,0.0008929053971394401,0.024470822971288435,0.0008929053971394401,0.036488572459826306,3.6488572459826307,0.000989801914021584,1.713841211359825e-05,0.000989801914021584,1.713841211359825e-05,0.01731499188960401,1.731499188960401,36.88492344930242,1.915479554770903,36.88492344930242,1.915479554770903,0.05193123302543086,5.193123302543086,g
midm,highway,WLTC_highway,G_HEV,des_dec,15,127.57451931382325,14.648125455290401,127.57451931382325,14.648125455290401,0.11482015009013806,11.482015009013805,0.02644291622985447,0.002395329869885779,0.02644291622985447,0.002395329869885779,0.0905849358317527,9.05849358317527,0.0009916601488404266,1.5255968959114707e-05,0.0009916601488404266,1.5255968959114707e-05,0.015384271493569544,1.5384271493569543,41.09718809508063,4.71878530517191,41.09718809508063,4.71878530517191,0.11482015008556638,11.482015008556639,g
midm,highway,WLTC_highway,G_HEV,des_vel,9,110.13881519770912,8.393678168584676,110.13881519770912,8.393678168584676,0.07620999148680932,7.620999148680932,0.023751462318489198,0.001348371680492596,0.023751462318489198,0.001348371680492596,0.056770049035800345,5.677004903580034,0.0009935007829855662,1.2790529153547026e-05,0.0009935007829855662,1.2790529153547026e-05,0.012874201382217582,1.2874201382217583,35.480404935493176,2.703961358010245,35.480404935493176,2.703961358010245,0.07620999148477334,7.620999148477334,g
midm,highway,WLTC_highway,G_HEV,jam_dis_0,15,112.4962259483131,0.151460376554308,112.4962259483131,0.151460376554308,0.001346359624756631,0.13463596247566312,0.024001071760432476,1.9360035604770294e-06,0.024001071760432476,1.9360035604770294e-06,8.066321286821337e-05,0.008066321286821337,0.0009830143981140347,2.6503073929813093e-06,0.0009830143981140347,2.6503073929813093e-06,0.0026961023135226346,0.2696102313522635,36.23982737779823,0.04879184051737795,36.23982737779823,0.04879184051737795,0.0013463596282820463,0.13463596282820461,g
midm,highway,WLTC_highway,G_HEV,max_acc,15,112.54804594423506,8.561758607675436,112.54804594423506,8.561758607675436,0.07607203248928542,7.607203248928542,0.024150745889370214,0.0013350292978064793,0.024150745889370214,0.0013350292978064793,0.055279008935044255,5.527900893504426,0.000992555575861455,9.836197662472069e-06,0.000992555575861455,9.836197662472069e-06,0.009909971694970402,0.9909971694970402,36.256520806085085,2.758107228775361,36.256520806085085,2.758107228775361,0.07607203249111692,7.607203249111692,g
midm,highway,WLTC_highway,G_HEV,safe_head,15,111.02238461011217,11.674657121340285,111.02238461011217,11.674657121340285,0.10515588511577449,10.51558851157745,0.02399923204289263,0.001481760595874796,0.02399923204289263,0.001481760595874796,0.06174200046178641,6.174200046178641,0.001005279683060875,3.0485473985489052e-05,0.001005279683060875,3.0485473985489052e-05,0.030325365666067076,3.0325365666067077,35.765040288787624,3.7609044677680585,35.765040288787624,3.7609044677680585,0.10515588511575383,10.515588511575382,g
midm,rural,CADC_rural,B,des_vel,6,0.0,0.0,0.0,0.0,,,0.0,0.0,0.0,0.0,,,0.0,0.0,0.0,0.0,,,0.1694068105050499,0.003966891512609432,0.1694068105050499,0.003966891512609432,0.023416363845013072,2.341636384501307,kWh
midm,rural,CADC_rural,D,des_vel,6,132.8463786128496,4.5807312166195375,132.8463786128496,4.5807312166195375,0.034481415786041344,3.4481415786041345,0.2820921307522755,0.01943706970856559,0.2820921307522755,0.01943706970856559,0.06890326808029472,6.890326808029472,0.0006413416581710255,6.498078350074562e-05,0.0006413416581710255,6.498078350074562e-05,0.101320072808084,10.1320072808084,42.40222482322059,1.4620887449927122,42.40222482322059,1.4620887449927122,0.034481415800428315,3.4481415800428317,g
midm,rural,CADC_rural,D_HEV,des_vel,6,103.2069166890074,3.413455976879284,103.2069166890074,3.413455976879284,0.03307390712160334,3.3073907121603336,0.24324158791139924,0.015659150916795216,0.24324158791139924,0.015659150916795216,0.06437694742602594,6.437694742602594,0.0005871247518619624,5.973792165574132e-05,0.0005871247518619624,5.973792165574132e-05,0.10174655636011436,10.174655636011435,32.941830480427456,1.0895150420054327,32.941830480427456,1.0895150420054327,0.033073907130108424,3.307390713010842,g
midm,rural,CADC_rural,G,des_vel,6,142.30298843765266,6.597369023326684,142.30298843765266,6.597369023326684,0.04636142287494683,4.636142287494683,0.02683274370209285,0.0016050792196413352,0.02683274370209285,0.0016050792196413352,0.05981793131039914,5.981793131039915,0.0013596791163183743,0.0001850035974559455,0.0013596791163183743,0.0001850035974559455,0.13606416045933162,13.606416045933162,45.841855508319384,2.1252936475523656,45.841855508319384,2.1252936475523656,0.046361422852237454,4.6361422852237455,g
midm,rural,CADC_rural,G_HEV,des_vel,6,79.80037401519513,6.21421220345552,79.80037401519513,6.21421220345552,0.07787196839794566,7.787196839794566,0.022658896882306035,0.0011535990997645293,0.022658896882306035,0.0011535990997645293,0.050911529619315055,5.091152961931505,0.0013145533750993632,0.00017889173188384718,0.0013145533750993632,0.00017889173188384718,0.13608555975927966,13.608555975927967,25.707100435286787,2.0018625120184743,25.707100435286787,2.0018625120184743,0.07787196837145519,7.787196837145519,g
midm,rural,Ford_focus,B,des_vel,6,0.0,0.0,0.0,0.0,,,0.0,0.0,0.0,0.0,,,0.0,0.0,0.0,0.0,,,0.18732236155598503,0.0028843501172254754,0.18732236155598503,0.0028843501172254754,0.015397788567615457,1.5397788567615458,kWh
midm,rural,Ford_focus,D,des_vel,6,149.01651981687237,3.712608104899851,149.01651981687237,3.712608104899851,0.024914070664529716,2.4914070664529717,0.3299762152735097,0.01633793675123134,0.3299762152735097,0.01633793675123134,0.04951246785374879,4.951246785374879,0.0007721435656758677,5.7315393782282785e-05,0.0007721435656758677,5.7315393782282785e-05,0.07422893400933005,7.422893400933004,47.56344916662698,1.184999133154202,47.56344916662698,1.184999133154202,0.02491407065544901,2.491407065544901,g
midm,rural,Ford_focus,D_HEV,des_vel,6,110.33464128715741,3.3769582789969754,110.33464128715741,3.3769582789969754,0.0306065097924059,3.06065097924059,0.28396095756516043,0.013196792462284546,0.28396095756516043,0.013196792462284546,0.04647396802518629,4.647396802518629,0.0007079459584358488,5.298456914226157e-05,0.0007079459584358488,5.298456914226157e-05,0.07484267479869061,7.484267479869061,35.21687466285119,1.077865619189722,35.21687466285119,1.077865619189722,0.030606509791361963,3.0606509791361964,g
midm,rural,Ford_focus,G,des_vel,6,160.85726405272774,5.78815846342134,160.85726405272774,5.78815846342134,0.03598319601857723,3.5983196018577233,0.030808723763906518,0.001402700614538009,0.030808723763906518,0.001402700614538009,0.04552933205825686,4.552933205825687,0.0016551736775524924,0.0001725159976408546,0.0016551736775524924,0.0001725159976408546,0.10422833566079558,10.422833566079557,51.81897819712041,1.8646124501990304,51.81897819712041,1.8646124501990304,0.035983196023395295,3.5983196023395294,g
midm,rural,Ford_focus,G_HEV,des_vel,6,82.12975874457958,6.206303015682269,82.12975874457958,6.206303015682269,0.07556704306150022,7.5567043061500225,0.025967160180785247,0.0009740590714721007,0.025967160180785247,0.0009740590714721007,0.03751118969847419,3.7511189698474188,0.0016103302798285545,0.00016520123217997527,0.0016103302798285545,0.00016520123217997527,0.1025884157115667,10.258841571156669,26.45749450124499,1.9993146263732102,26.45749450124499,1.9993146263732102,0.07556704306521277,7.556704306521277,g
midm,rural,WLTC_rural,B,acc_exp,15,0.0,0.0,0.0,0.0,,,0.0,0.0,0.0,0.0,,,0.0,0.0,0.0,0.0,,,0.1854810878384673,0.0031618448931259595,0.1854810878384673,0.0031618448931259595,0.017046723900387962,1.7046723900387961,kWh
midm,rural,WLTC_rural,B,des_dec,7,0.0,0.0,0.0,0.0,,,0.0,0.0,0.0,0.0,,,0.0,0.0,0.0,0.0,,,0.18658440598024256,0.006588619607069074,0.18658440598024256,0.006588619607069074,0.03531173772242651,3.531173772242651,kWh
midm,rural,WLTC_rural,B,des_vel,15,0.0,0.0,0.0,0.0,,,0.0,0.0,0.0,0.0,,,0.0,0.0,0.0,0.0,,,0.1801965133704141,0.004644076680642167,0.1801965133704141,0.004644076680642167,0.025772289340003755,2.5772289340003756,kWh
midm,rural,WLTC_rural,B,jam_dis_0,15,0.0,0.0,0.0,0.0,,,0.0,0.0,0.0,0.0,,,0.0,0.0,0.0,0.0,,,0.18420962908263275,0.0002759136240892027,0.18420962908263275,0.0002759136240892027,0.0014978241119275768,0.14978241119275768,kWh
midm,rural,WLTC_rural,B,max_acc,13,0.0,0.0,0.0,0.0,,,0.0,0.0,0.0,0.0,,,0.0,0.0,0.0,0.0,,,0.1803693150119886,0.0015481891935787057,0.1803693150119886,0.0015481891935787057,0.008583440001841788,0.8583440001841789,kWh
midm,rural,WLTC_rural,B,safe_head,13,0.0,0.0,0.0,0.0,,,0.0,0.0,0.0,0.0,,,0.0,0.0,0.0,0.0,,,0.180694520450484,0.0032671705482317454,0.180694520450484,0.0032671705482317454,0.018081182207885783,1.8081182207885782,kWh
midm,rural,WLTC_rural,D,acc_exp,15,144.7820918140818,0.6118804478539145,144.7820918140818,0.6118804478539145,0.004226216379299486,0.42262163792994856,0.3163012992444616,0.006172928250899581,0.3163012992444616,0.006172928250899581,0.01951597500751546,1.9515975007515458,0.000705348592795233,1.068268552567838e-05,0.000705348592795233,1.068268552567838e-05,0.01514525673517524,1.5145256735175239,46.21189431265955,0.19530146423636816,46.21189431265955,0.19530146423636816,0.004226216370075662,0.42262163700756616,g
midm,rural,WLTC_rural,D,des_dec,7,147.03550246277072,5.8105018612774195,147.03550246277072,5.8105018612774195,0.03951767949885868,3.9517679498858675,0.31705261137556573,0.008923531283183968,0.31705261137556573,0.008923531283183968,0.028145269784936637,2.8145269784936637,0.0006992913174147164,5.031988425328244e-06,0.0006992913174147164,5.031988425328244e-06,0.007195839988306349,0.719583998830635,46.9311433133738,1.8546098829481563,46.9311433133738,1.8546098829481563,0.03951767956225466,3.951767956225466,g
midm,rural,WLTC_rural,D,des_vel,15,142.73631627346882,2.5133034593637107,142.73631627346882,2.5133034593637107,0.01760801683117888,1.7608016831178879,0.3088889221004806,0.006484691774725662,0.3088889221004806,0.006484691774725662,0.020993604207716496,2.0993604207716494,0.0007000588857633189,1.8494520777396768e-05,0.0007000588857633189,1.8494520777396768e-05,0.0264185215751258,2.64185215751258,45.5589187818587,0.8022022096618688,45.5589187818587,0.8022022096618688,0.017608016851824438,1.7608016851824437,g
midm,rural,WLTC_rural,D,jam_dis_0,15,144.57958705013593,0.23679386301306518,144.57958705013593,0.23679386301306518,0.0016378097893650233,0.1637809789365023,0.3133466041650575,0.001225825489079483,0.3133466041650575,0.001225825489079483,0.003912043318119928,0.39120433181199277,0.0006986189917075306,5.1310705582786976e-06,0.0006986189917075306,5.1310705582786976e-06,0.007344590712796949,0.7344590712796949,46.147258358391724,0.07558042876647933,46.147258358391724,0.07558042876647933,0.0016378097303094774,0.16378097303094774,g
midm,rural,WLTC_rural,D,max_acc,13,142.22401827438443,1.005458271717694,142.22401827438443,1.005458271717694,0.007069539195397522,0.7069539195397522,0.3106994693382996,0.001264060010443726,0.3106994693382996,0.001264060010443726,0.004068433116850214,0.4068433116850214,0.0007069523346784061,3.0279457596353136e-06,0.0007069523346784061,3.0279457596353136e-06,0.004283097475040847,0.42830974750408474,45.39540227980218,0.32092457577170336,45.39540227980218,0.32092457577170336,0.007069539196803035,0.7069539196803035,g
midm,rural,WLTC_rural,D,safe_head,13,141.81966691541973,1.9328947705291664,141.81966691541973,1.9328947705291664,0.013629243479199055,1.3629243479199054,0.31052371624277464,0.00281274084850233,0.31052371624277464,0.00281274084850233,0.009058054832447206,0.9058054832447207,0.000707750412600605,1.6541718051764427e-05,0.000707750412600605,1.6541718051764427e-05,0.023372247839436,2.3372247839436,45.26634045227687,0.6169459749038877,45.26634045227687,0.6169459749038877,0.013629243467435099,1.36292434674351,g
midm,rural,WLTC_rural,D_HEV,acc_exp,15,117.34772264641406,1.8675918279791748,117.34772264641406,1.8675918279791748,0.015915024048711226,1.5915024048711226,0.2750159605873331,0.005980026478793138,0.2750159605873331,0.005980026478793138,0.021744288826081214,2.1744288826081215,0.0006462001833947288,8.505490128569802e-06,0.0006462001833947288,8.505490128569802e-06,0.01316231463118335,1.316231463118335,37.45532674251656,0.5961024257104757,37.45532674251656,0.5961024257104757,0.015915024044732832,1.5915024044732833,g
midm,rural,WLTC_rural,D_HEV,des_dec,7,120.44551162484073,9.012301851052383,120.44551162484073,9.012301851052383,0.07482472139869828,7.482472139869828,0.2753881583858742,0.008452773031461528,0.2753881583858742,0.008452773031461528,0.030694032310632224,3.069403231063222,0.0006406725434648635,3.648098814604847e-06,0.0006406725434648635,3.648098814604847e-06,0.005694170683318693,0.5694170683318693,38.444086435894214,2.876568057901849,38.444086435894214,2.876568057901849,0.07482472142233232,7.482472142233232,g
midm,rural,WLTC_rural,D_HEV,des_vel,15,112.1814953630976,6.486748661173318,112.1814953630976,6.486748661173318,0.05782369579026981,5.782369579026981,0.2675562084689032,0.006135358404644892,0.2675562084689032,0.006135358404644892,0.02293110086943834,2.293110086943834,0.0006424124210837487,1.628372914076374e-05,0.0006424124210837487,1.628372914076374e-05,0.02534778065668954,2.534778065668954,35.80635796479328,2.070455950312416,35.80635796479328,2.070455950312416,0.05782369579023364,5.782369579023364,g
midm,rural,WLTC_rural,D_HEV,jam_dis_0,15,117.10949591975483,0.3569095124967708,117.10949591975483,0.3569095124967708,0.00304765646622995,0.30476564662299505,0.2723995146247581,0.0008463757171938978,0.2723995146247581,0.0008463757171938978,0.0031071116934984866,0.31071116934984866,0.0006414252411724768,4.243621073460459e-06,0.0006414252411724768,4.243621073460459e-06,0.006615924664429234,0.6615924664429235,37.37928896560464,0.11391923192342847,37.37928896560464,0.11391923192342847,0.0030476564716962304,0.30476564716962307,g
midm,rural,WLTC_rural,D_HEV,max_acc,13,112.02962626700364,2.106268802113286,112.02962626700364,2.106268802113286,0.018800998202862438,1.8800998202862438,0.26868949032348083,0.0015541386326455402,0.26868949032348083,0.0015541386326455402,0.005784143736974902,0.5784143736974903,0.0006467648076666985,2.0910543194570884e-06,0.0006467648076666985,2.0910543194570884e-06,0.003233098484441171,0.3233098484441171,35.757884022781674,0.6722839113687336,35.757884022781674,0.6722839113687336,0.01880099815023773,1.880099815023773,g
midm,rural,WLTC_rural,D_HEV,safe_head,13,110.63266185940857,5.749178584369822,110.63266185940857,5.749178584369822,0.051966376725851984,5.196637672585198,0.26821410741448604,0.0031450439602579176,0.26821410741448604,0.0031450439602579176,0.011725870762635569,1.1725870762635568,0.0006474567118310635,1.5132018666831166e-05,0.0006474567118310635,1.5132018666831166e-05,0.023371475482950065,2.3371475482950066,35.31199758196001,1.8350365689036974,35.31199758196001,1.8350365689036974,0.05196637671501117,5.196637671501117,g
midm,rural,WLTC_rural,G,acc_exp,15,150.33598538918224,1.0279078400122428,150.33598538918224,1.0279078400122428,0.0068374038148700505,0.683740381487005,0.02911525528008297,0.00035196836837362785,0.02911525528008297,0.00035196836837362785,0.012088795546793669,1.208879554679367,0.0014013826248133027,2.064361064744851e-05,0.0014013826248133027,2.064361064744851e-05,0.014730888111445456,1.4730888111445457,48.42962606627546,0.3311329098951258,48.42962606627546,0.3311329098951258,0.0068374038123270595,0.683740381232706,g
midm,rural,WLTC_rural,G,des_dec,7,152.9571416984285,3.7257650239100073,152.9571416984285,3.7257650239100073,0.024358228602726868,2.435822860272687,0.02950183828005849,0.0009715530826975342,0.02950183828005849,0.0009715530826975342,0.03293195066268962,3.293195066268962,0.0013939989448147141,5.294703400807822e-05,0.0013939989448147141,5.294703400807822e-05,0.03798211914365242,3.798211914365242,49.27401218894977,1.200227648762803,49.27401218894977,1.200227648762803,0.02435822851527335,2.4358228515273352,g
midm,rural,WLTC_rural,G,des_vel,15,150.62013447519092,1.3516581345490326,150.62013447519092,1.3516581345490326,0.00897395384261636,0.897395384261636,0.028724798883546825,0.0003481586492650332,0.028724798883546825,0.0003481586492650332,0.012120490405398584,1.2120490405398583,0.0014369521069736073,8.83995804458493e-05,0.0014369521069736073,8.83995804458493e-05,0.06151880777156127,6.151880777156126,48.52116259551211,0.43542667454558376,48.52116259551211,0.43542667454558376,0.008973953863707666,0.8973953863707665,g
midm,rural,WLTC_rural,G,jam_dis_0,15,150.24513256818173,0.4779779849710455,150.24513256818173,0.4779779849710455,0.0031813209306739937,0.31813209306739937,0.028760095498793905,8.040237720196825e-05,0.028760095498793905,8.040237720196825e-05,0.0027956227476831582,0.2795622747683158,0.0013770522115473182,1.4642616748121168e-05,0.0013770522115473182,1.4642616748121168e-05,0.010633305422506864,1.0633305422506865,48.40035850130714,0.153977077240737,48.40035850130714,0.153977077240737,0.003181321006880116,0.31813210068801157,g
midm,rural,WLTC_rural,G,max_acc,13,151.07010534037352,0.25186730008827307,151.07010534037352,0.25186730008827307,0.0016672213176842307,0.16672213176842307,0.028946617064297037,5.775955885868653e-05,0.028946617064297037,5.775955885868653e-05,0.0019953820071751172,0.19953820071751172,0.0014679044339931898,3.430691852170341e-05,0.0014679044339931898,3.430691852170341e-05,0.023371356967958157,2.3371356967958157,48.66611738578762,0.08113718984365484,48.66611738578762,0.08113718984365484,0.0016672213482834778,0.16672213482834777,g
midm,rural,WLTC_rural,G,safe_head,13,150.8975335938536,1.4227668914395555,150.8975335938536,1.4227668914395555,0.009428695470059744,0.9428695470059744,0.029020235123448344,0.00016966107553570653,0.029020235123448344,0.00016966107553570653,0.005846302582111763,0.5846302582111763,0.0014777402119548065,8.533067172844104e-05,0.0014777402119548065,8.533067172844104e-05,0.05774402769723823,5.774402769723823,48.610524660886426,0.45833384430263713,48.610524660886426,0.45833384430263713,0.0094286956888459,0.94286956888459,g
midm,rural,WLTC_rural,G_HEV,acc_exp,15,92.29528610308847,1.9968259085898257,92.29528610308847,1.9968259085898257,0.02163518845761513,2.163518845761513,0.025111059573835547,0.0005304071816606856,0.025111059573835547,0.0005304071816606856,0.021122453240218626,2.1122453240218624,0.0013755270210944024,2.2739742272315773e-05,0.0013755270210944024,2.2739742272315773e-05,0.016531657992602346,1.6531657992602347,29.732243975195647,0.6432627018135959,29.732243975195647,0.6432627018135959,0.021635188462406092,2.1635188462406094,g
midm,rural,WLTC_rural,G_HEV,des_dec,7,95.70558763138415,9.528090217672554,95.70558763138415,9.528090217672554,0.09955625845348309,9.95562584534831,0.02536526270826947,0.0008873383893593836,0.02536526270826947,0.0008873383893593836,0.03498242456878231,3.498242456878231,0.0013613594690281064,5.578972293636248e-05,0.0013613594690281064,5.578972293636248e-05,0.040980890209836744,4.098089020983674,30.830847397191885,3.0694038099727425,30.830847397191885,3.0694038099727425,0.09955625839373808,9.955625839373807,g
midm,rural,WLTC_rural,G_HEV,des_vel,15,86.55679836661838,7.400262852488485,86.55679836661838,7.400262852488485,0.08549603257209293,8.549603257209293,0.02444249274652875,0.00035482894067455633,0.02444249274652875,0.00035482894067455633,0.014516888451360921,1.451688845136092,0.001398388816799383,8.073317741683436e-05,0.001398388816799383,8.073317741683436e-05,0.057732997036986866,5.773299703698687,27.883632582307396,2.3839399593706623,27.883632582307396,2.3839399593706623,0.08549603256798434,8.549603256798434,g
midm,rural,WLTC_rural,G_HEV,jam_dis_0,15,92.00072586890991,0.5544106285745511,92.00072586890991,0.5544106285745511,0.0060261549388699424,0.6026154938869942,0.024666635177412247,7.815556657098602e-05,0.024666635177412247,7.815556657098602e-05,0.003168472959885291,0.31684729598852907,0.0013456995102494606,1.622235672259322e-05,0.0013456995102494606,1.622235672259322e-05,0.012054962195524604,1.2054962195524603,29.637353573301144,0.1785992854056312,29.637353573301144,0.1785992854056312,0.006026154965689063,0.6026154965689063,g
midm,rural,WLTC_rural,G_HEV,max_acc,13,86.61252100949194,2.2412249219231786,86.61252100949194,2.2412249219231786,0.025876454071548857,2.5876454071548856,0.024845982649907155,4.190144301094999e-05,0.024845982649907155,4.190144301094999e-05,0.0016864474068650518,0.16864474068650517,0.0014383495699680263,3.348072438353079e-05,0.0014383495699680263,3.348072438353079e-05,0.023277181766234372,2.327718176623437,27.901583219272943,0.7219940373375909,27.901583219272943,0.7219940373375909,0.025876454094507277,2.5876454094507277,g
midm,rural,WLTC_rural,G_HEV,safe_head,13,85.2196458945038,6.708335242423591,85.2196458945038,6.708335242423591,0.07871817785687657,7.871817785687657,0.024782455987474014,0.00026682945166840505,0.024782455987474014,0.00026682945166840505,0.010766868780207687,1.0766868780207688,0.0014420492796974444,8.196196122030773e-05,0.0014420492796974444,8.196196122030773e-05,0.05683714306733271,5.683714306733271,27.452878800773,2.1610405958300998,27.452878800773,2.1610405958300998,0.07871817784622466,7.871817784622466,g
midm,urban,CADC_urban,B,acc_exp,15,0.0,0.0,0.0,0.0,,,0.0,0.0,0.0,0.0,,,0.0,0.0,0.0,0.0,,,0.27543994241393055,0.0015883434544758544,0.27543994241393055,0.0015883434544758544,0.005766569076931099,0.5766569076931098,kWh
midm,urban,CADC_urban,B,des_dec,4,0.0,0.0,0.0,0.0,,,0.0,0.0,0.0,0.0,,,0.0,0.0,0.0,0.0,,,0.2734905339878022,0.002356663078862078,0.2734905339878022,0.002356663078862078,0.008616982257116022,0.8616982257116022,kWh
midm,urban,CADC_urban,B,des_vel,15,0.0,0.0,0.0,0.0,,,0.0,0.0,0.0,0.0,,,0.0,0.0,0.0,0.0,,,0.2734309492130984,0.0025107313606156333,0.2734309492130984,0.0025107313606156333,0.009182323244099537,0.9182323244099536,kWh
midm,urban,CADC_urban,B,jam_dis_0,15,0.0,0.0,0.0,0.0,,,0.0,0.0,0.0,0.0,,,0.0,0.0,0.0,0.0,,,0.2753619385434964,0.0002473018711940302,0.2753619385434964,0.0002473018711940302,0.0008980975094165607,0.08980975094165608,kWh
midm,urban,CADC_urban,B,max_acc,13,0.0,0.0,0.0,0.0,,,0.0,0.0,0.0,0.0,,,0.0,0.0,0.0,0.0,,,0.27333152851465964,0.0008491731674301502,0.27333152851465964,0.0008491731674301502,0.0031067516142200416,0.3106751614220042,kWh
midm,urban,CADC_urban,B,safe_head,11,0.0,0.0,0.0,0.0,,,0.0,0.0,0.0,0.0,,,0.0,0.0,0.0,0.0,,,0.27656045361937615,0.0007122235924362115,0.27656045361937615,0.0007122235924362115,0.0025752908021203515,0.25752908021203513,kWh
midm,urban,CADC_urban,D,acc_exp,15,224.7722590658506,1.233742713597053,224.7722590658506,1.233742713597053,0.005488856670856382,0.5488856670856382,0.5326822555490167,0.0020669718133307126,0.5326822555490167,0.0020669718133307126,0.003880309118238523,0.3880309118238523,0.0012877023584350132,9.572077605586678e-06,0.0012877023584350132,9.572077605586678e-06,0.007433455054955353,0.7433455054955354,71.74334726776156,0.39378895202843317,71.74334726776156,0.39378895202843317,0.005488856695781538,0.5488856695781538,g
midm,urban,CADC_urban,D,des_dec,4,222.92270416859114,2.722952071004031,222.92270416859114,2.722952071004031,0.012214781267612504,1.2214781267612504,0.5358854519998932,0.003889170515439593,0.5358854519998932,0.003889170515439593,0.007257466126250368,0.7257466126250368,0.001314074852520107,3.345819990137888e-05,0.001314074852520107,3.345819990137888e-05,0.025461410997412667,2.546141099741267,71.15300190544683,0.8691183631158313,71.15300190544683,0.8691183631158313,0.01221478138435786,1.221478138435786,g
midm,urban,CADC_urban,D,des_vel,15,223.02417713475006,2.415847814261087,223.02417713475006,2.415847814261087,0.010832223866031547,1.0832223866031547,0.5290527461102582,0.0030705246713642873,0.5290527461102582,0.0030705246713642873,0.005803815770619531,0.5803815770619531,0.0012877673813523568,8.497110575894502e-06,0.0012877673813523568,8.497110575894502e-06,0.006598327228145202,0.6598327228145202,71.1853902964008,0.7710960841192505,71.1853902964008,0.7710960841192505,0.010832223872181787,1.0832223872181788,g
midm,urban,CADC_urban,D,jam_dis_0,15,224.49651049613024,1.2515353621639713,224.49651049613024,1.2515353621639713,0.005574854412650413,0.5574854412650413,0.5304176130292659,0.00828899576385,0.5304176130292659,0.00828899576385,0.015627301130727442,1.5627301130727442,0.0012783097500378285,3.175916135281043e-05,0.0012783097500378285,3.175916135281043e-05,0.024844652363694007,2.4844652363694006,71.655333183996,0.3994680385260395,71.655333183996,0.3994680385260395,0.0055748542470703275,0.5574854247070328,g
midm,urban,CADC_urban,D,max_acc,13,223.80624803239894,0.820391069331937,223.80624803239894,0.820391069331937,0.0036656307701167234,0.36656307701167234,0.5459841182559763,0.005866067796953702,0.5459841182559763,0.005866067796953702,0.010744026430093862,1.0744026430093863,0.001361466804946041,3.095164641163068e-05,0.001361466804946041,3.095164641163068e-05,0.022734044120052848,2.2734044120052848,71.43501352937851,0.26185438509088454,71.43501352937851,0.26185438509088454,0.0036656307901893766,0.36656307901893764,g
midm,urban,CADC_urban,D,safe_head,11,228.04418595370365,1.3349841553431168,228.04418595370365,1.3349841553431168,0.005854059158579637,0.5854059158579638,0.5604095800994995,0.010446367886588818,0.5604095800994995,0.010446367886588818,0.018640594767730573,1.8640594767730574,0.0014065728459740374,4.483312444780749e-05,0.0014065728459740374,4.483312444780749e-05,0.03187401532464606,3.1874015324646057,72.78768867704599,0.4261034197830283,72.78768867704599,0.4261034197830283,0.005854058942215078,0.5854058942215078,g
midm,urban,CADC_urban,D_HEV,acc_exp,15,158.62346303625984,4.372771323835549,158.62346303625984,4.372771323835549,0.027566989398258027,2.7566989398258026,0.46414131819269006,0.0029223629669620195,0.46414131819269006,0.0029223629669620195,0.006296278423005618,0.6296278423005618,0.0011934155074973956,7.398677881799376e-06,0.0011934155074973956,7.398677881799376e-06,0.006199582488511883,0.6199582488511883,50.62981626686574,1.3957116070722846,50.62981626686574,1.3957116070722846,0.027566989374711526,2.7566989374711524,g
midm,urban,CADC_urban,D_HEV,des_dec,4,151.6081301379,8.98368485834523,151.6081301379,8.98368485834523,0.05925595711901356,5.925595711901356,0.464098918741941,0.0010869077459202082,0.464098918741941,0.0010869077459202082,0.002341974311999153,0.23419743119991532,0.0012136758622407415,2.6241645629883298e-05,0.0012136758622407415,2.6241645629883298e-05,0.021621626042257133,2.1621626042257134,48.390645536326666,2.867434017297312,48.390645536326666,2.867434017297312,0.05925595712801022,5.925595712801022,g
midm,urban,CADC_urban,D_HEV,des_vel,15,154.47579803936296,6.635186021328172,154.47579803936296,6.635186021328172,0.042952916285549265,4.295291628554927,0.4597356487165602,0.004685973736159134,0.4597356487165602,0.004685973736159134,0.010192756966402157,1.0192756966402157,0.0011925853663879342,5.957024989358993e-06,0.0011925853663879342,5.957024989358993e-06,0.004995051220024145,0.4995051220024145,49.30595463480879,2.117834540743661,49.30595463480879,2.117834540743661,0.04295291626396221,4.295291626396221,g
midm,urban,CADC_urban,D_HEV,jam_dis_0,15,159.48969611032769,1.897813941909721,159.48969611032769,1.897813941909721,0.01189928872017475,1.189928872017475,0.4625945104132999,0.00628130859618387,0.4625945104132999,0.00628130859618387,0.013578433065649449,1.357843306564945,0.0011857087712333202,2.7261548229094997e-05,0.0011857087712333202,2.7261548229094997e-05,0.022991774110550586,2.2991774110550587,50.906302612716566,0.6057487924387734,50.906302612716566,0.6057487924387734,0.011899288719653652,1.1899288719653651,g
midm,urban,CADC_urban,D_HEV,max_acc,13,144.59571877876368,5.72471648032691,144.59571877876368,5.72471648032691,0.03959118934279042,3.959118934279042,0.468854620820637,0.0023100060182143748,0.468854620820637,0.0023100060182143748,0.004926913195760271,0.4926913195760271,0.0012523017234439598,2.4976361677682374e-05,0.0012523017234439598,2.4976361677682374e-05,0.01994436421359765,1.994436421359765,46.15240730933146,1.827228695980676,46.15240730933146,1.827228695980676,0.03959118933350271,3.959118933350271,g
midm,urban,CADC_urban,D_HEV,safe_head,11,142.28437704047164,7.124189857693058,142.28437704047164,7.124189857693058,0.0500700780076975,5.00700780076975,0.47735874885864027,0.0042527709155470664,0.47735874885864027,0.0042527709155470664,0.00890896191955295,0.8908961919552949,0.0012893313391526564,3.586350673041147e-05,0.0012893313391526564,3.586350673041147e-05,0.027815585987369877,2.7815585987369875,45.41466772592874,2.2739159536922298,45.41466772592874,2.2739159536922298,0.05007007796280707,5.007007796280707,g
midm,urban,CADC_urban,G,acc_exp,15,237.28113693452806,0.9451194214825241,237.28113693452806,0.9451194214825241,0.003983120755794873,0.3983120755794873,0.047042634548403836,0.0002575453625222657,0.047042634548403836,0.0002575453625222657,0.005474722344839512,0.5474722344839512,0.002640842346077648,5.575055401208799e-05,0.002640842346077648,5.575055401208799e-05,0.02111089823097254,2.111089823097254,76.43836358902571,0.30446323532887026,76.43836358902571,0.30446323532887026,0.003983120792143464,0.3983120792143464,g
midm,urban,CADC_urban,G,des_dec,4,240.03035827275409,3.1028933847479134,240.03035827275409,3.1028933847479134,0.012927087252946553,1.2927087252946552,0.04781709852490279,0.0008711865015342061,0.04781709852490279,0.0008711865015342061,0.018219141863668256,1.8219141863668256,0.0027937247908689836,0.00018453152968215497,0.0027937247908689836,0.00018453152968215497,0.06605215026379056,6.6052150263790566,77.32400493368637,0.999574182815944,77.32400493368637,0.999574182815944,0.01292708756709105,1.292708756709105,g
midm,urban,CADC_urban,G,des_vel,15,236.75209443972716,0.5518066539975387,236.75209443972716,0.5518066539975387,0.002330736103109824,0.2330736103109824,0.046803675575225086,0.00022754833935319902,0.046803675575225086,0.00022754833935319902,0.004861762170525957,0.48617621705259567,0.002666782633047432,7.454894378289483e-05,0.002666782633047432,7.454894378289483e-05,0.027954638244252015,2.7954638244252017,76.26793646271851,0.17776043590362503,76.26793646271851,0.17776043590362503,0.0023307361408751153,0.23307361408751154,g
midm,urban,CADC_urban,G,jam_dis_0,15,236.568650233008,3.612995339307784,236.568650233008,3.612995339307784,0.015272502657258977,1.5272502657258977,0.0468708908548172,0.0008217676456460809,0.0468708908548172,0.0008217676456460809,0.017532580044008764,1.7532580044008765,0.0026114901106561715,0.00011072336546309875,0.0026114901106561715,0.00011072336546309875,0.042398539060627745,4.239853906062774,76.20884126055063,1.1638997553892763,76.20884126055063,1.1638997553892763,0.015272502981773677,1.5272502981773677,g
midm,urban,CADC_urban,G,max_acc,13,247.30076274175494,4.207377735138302,247.30076274175494,4.207377735138302,0.01701320161123756,1.7013201611237558,0.04939980976250151,0.0009664714522612784,0.04939980976250151,0.0009664714522612784,0.019564274779756526,1.9564274779756525,0.003020717027263871,0.00015364376874241802,0.003020717027263871,0.00015364376874241802,0.050863343820585105,5.08633438205851,79.66611201354422,1.3553756516173092,79.66611201354422,1.3553756516173092,0.017013201941960952,1.7013201941960951,g
midm,urban,CADC_urban,G,safe_head,11,255.3079471100976,6.936189037006872,255.3079471100976,6.936189037006872,0.02716793235588451,2.716793235588451,0.05108949461853307,0.0015530710741531286,0.05108949461853307,0.0015530710741531286,0.030399029893510458,3.0399029893510456,0.0031833373947257036,0.00020697510082956825,0.0031833373947257036,0.00020697510082956825,0.06501827332927194,6.501827332927195,82.2455672752211,2.234442039390851,82.2455672752211,2.234442039390851,0.02716793273385376,2.716793273385376,g
midm,urban,CADC_urban,G_HEV,acc_exp,15,111.87798627789496,4.965343947030409,111.87798627789496,4.965343947030409,0.04438177797280813,4.438177797280813,0.04044779733946124,0.0002932143462197584,0.04044779733946124,0.0002932143462197584,0.0072492042955747266,0.7249204295574727,0.0026327891247651517,4.895969690345457e-05,0.0026327891247651517,4.895969690345457e-05,0.018596133067748766,1.8596133067748766,36.0406660393145,1.5995488381311418,36.0406660393145,1.5995488381311418,0.044381777972313116,4.438177797231312,g
midm,urban,CADC_urban,G_HEV,des_dec,4,104.09713832833884,10.03572137961962,104.09713832833884,10.03572137961962,0.09640727440523261,9.64072744052326,0.040843805033365654,0.0004554482744951804,0.040843805033365654,0.0004554482744951804,0.011150975628326518,1.1150975628326518,0.0027713625549771396,0.00017177654939356794,0.0027713625549771396,0.00017177654939356794,0.061982705613551486,6.198270561355149,33.5341234060428,3.232933438698715,33.5341234060428,3.232933438698715,0.09640727445155596,9.640727445155596,g
midm,urban,CADC_urban,G_HEV,des_vel,15,107.4674863363755,7.275059123019858,107.4674863363755,7.275059123019858,0.06769544325479773,6.769544325479774,0.04005394910718855,0.00038009633207825917,0.04005394910718855,0.00038009633207825917,0.009489609403084867,0.9489609403084867,0.0026546883896424,6.382950043219827e-05,0.0026546883896424,6.382950043219827e-05,0.024044065089234984,2.4044065089234983,34.61985609430402,2.3436065037865417,34.61985609430402,2.3436065037865417,0.06769544325668453,6.769544325668453,g
midm,urban,CADC_urban,G_HEV,jam_dis_0,15,113.12890928046066,2.943786125417461,113.12890928046066,2.943786125417461,0.026021519558006596,2.6021519558006596,0.04032061742363059,0.000662799274296987,0.04032061742363059,0.000662799274296987,0.01643822234499172,1.6438222344991722,0.0026037562654482663,0.00010740652021808247,0.0026037562654482663,0.00010740652021808247,0.041250604614326766,4.1250604614326765,36.44364163404097,0.948318932799589,36.44364163404097,0.948318932799589,0.02602151953754784,2.602151953754784,g
midm,urban,CADC_urban,G_HEV,max_acc,13,95.39629981687449,6.808772972106722,95.39629981687449,6.808772972106722,0.07137355416485797,7.137355416485796,0.041709175603085284,0.0004917689197894947,0.041709175603085284,0.0004917689197894947,0.011790425312389007,1.1790425312389008,0.0029762201798244625,0.00013858815740767734,0.0029762201798244625,0.00013858815740767734,0.04656515614911638,4.656515614911639,30.73121261364844,2.193395868683923,30.73121261364844,2.193395868683923,0.07137355418607155,7.1373554186071555,g
midm,urban,CADC_urban,G_HEV,safe_head,11,91.1296356702804,9.023010030495582,91.1296356702804,9.023010030495582,0.09901290578118932,9.901290578118932,0.04250923183145875,0.0006459800036597199,0.04250923183145875,0.0006459800036597199,0.01519622857973325,1.519622857973325,0.0031139432765058084,0.00017824803677104136,0.0031139432765058084,0.00017824803677104136,0.05724190229022268,5.724190229022268,29.35673830781927,2.9066959634590703,29.35673830781927,2.9066959634590703,0.09901290575884111,9.901290575884111,g
midm,urban,FTP,B,des_vel,3,0.0,0.0,0.0,0.0,,,0.0,0.0,0.0,0.0,,,0.0,0.0,0.0,0.0,,,0.19322238322779683,0.000268259472128137,0.19322238322779683,0.000268259472128137,0.0013883457374184037,0.13883457374184038,kWh
midm,urban,FTP,D,des_vel,3,156.97108617714358,0.17995338722689555,156.97108617714358,0.17995338722689555,0.001146411046833276,0.1146411046833276,0.3557882089102029,0.004381092410049572,0.3557882089102029,0.004381092410049572,0.012313765044291596,1.2313765044291596,0.0008510937684241306,1.888860453377e-05,0.0008510937684241306,1.888860453377e-05,0.022193329612486518,2.219332961248652,50.102406683929594,0.057437953334615426,50.102406683929594,0.057437953334615426,0.0011464110635834729,0.11464110635834729,g
midm,urban,FTP,D_HEV,des_vel,3,110.80376347856175,2.9184198933594794,110.80376347856175,2.9184198933594794,0.02633863509450321,2.633863509450321,0.30537174574681597,0.0025484089457784376,0.30537174574681597,0.0025484089457784376,0.008345267632884824,0.8345267632884824,0.0007805896867327665,1.6141971105807605e-05,0.0007805896867327665,1.6141971105807605e-05,0.020679201096508695,2.0679201096508693,35.36661020656042,0.9315082399115354,35.36661020656042,0.9315082399115354,0.026338635070509042,2.633863507050904,g
midm,urban,FTP,G,des_vel,3,171.08792314959888,1.1809010396836364,171.08792314959888,1.1809010396836364,0.006902305071825901,0.6902305071825902,0.03308681613315564,0.00040454228120527557,0.03308681613315564,0.00040454228120527557,0.01222669112607338,1.2226691126073381,0.0018712065598324417,6.865832080643577e-05,0.0018712065598324417,6.865832080643577e-05,0.03669200519080257,3.669200519080257,55.11470937047255,0.38041854312949525,55.11470937047255,0.38041854312949525,0.006902305164532043,0.6902305164532042,g
midm,urban,FTP,G_HEV,des_vel,3,78.81146195439334,3.803984763228761,78.81146195439334,3.803984763228761,0.04826689759200321,4.826689759200321,0.027679249739525336,0.00019126558793954254,0.027679249739525336,0.00019126558793954254,0.0069100712533555295,0.691007125335553,0.0018176405423555489,6.417022592246451e-05,0.0018176405423555489,6.417022592246451e-05,0.03530413435832802,3.530413435832802,25.388529726862156,1.2254255638693108,25.388529726862156,1.2254255638693108,0.04826689757354313,4.8266897573543135,g
midm,urban,WLTC_urban,B,acc_exp,15,0.0,0.0,0.0,0.0,,,0.0,0.0,0.0,0.0,,,0.0,0.0,0.0,0.0,,,0.2530286377342864,0.0006759507143345922,0.2530286377342864,0.0006759507143345922,0.0026714395666328885,0.26714395666328883,kWh
midm,urban,WLTC_urban,B,des_dec,6,0.0,0.0,0.0,0.0,,,0.0,0.0,0.0,0.0,,,0.0,0.0,0.0,0.0,,,0.25420980929744624,0.0015924503913434403,0.25420980929744624,0.0015924503913434403,0.0062643152746326295,0.6264315274632629,kWh
midm,urban,WLTC_urban,B,des_vel,15,0.0,0.0,0.0,0.0,,,0.0,0.0,0.0,0.0,,,0.0,0.0,0.0,0.0,,,0.2522146785829855,0.0005967307529302153,0.2522146785829855,0.0005967307529302153,0.00236596361592759,0.236596361592759,kWh
midm,urban,WLTC_urban,B,jam_dis_0,15,0.0,0.0,0.0,0.0,,,0.0,0.0,0.0,0.0,,,0.0,0.0,0.0,0.0,,,0.25274609765440204,0.0009012880300138938,0.25274609765440204,0.0009012880300138938,0.0035659819810404747,0.35659819810404747,kWh
midm,urban,WLTC_urban,B,max_acc,13,0.0,0.0,0.0,0.0,,,0.0,0.0,0.0,0.0,,,0.0,0.0,0.0,0.0,,,0.2561488467710632,0.0014789964705446998,0.2561488467710632,0.0014789964705446998,0.005773972786481348,0.5773972786481348,kWh
midm,urban,WLTC_urban,B,safe_head,13,0.0,0.0,0.0,0.0,,,0.0,0.0,0.0,0.0,,,0.0,0.0,0.0,0.0,,,0.26096247834680714,0.006305237624511451,0.26096247834680714,0.006305237624511451,0.024161472041708924,2.4161472041708922,kWh
midm,urban,WLTC_urban,D,acc_exp,15,198.06217252077076,0.9417945239877669,198.06217252077076,0.9417945239877669,0.004755044903332064,0.47550449033320635,0.47294234705066324,0.002649346818480651,0.47294234705066324,0.002649346818480651,0.005601838860491898,0.5601838860491898,0.0011656846219998023,8.902863288567702e-06,0.0011656846219998023,8.902863288567702e-06,0.007637454522900287,0.7637454522900288,63.2179580198251,0.30060422311177715,63.2179580198251,0.30060422311177715,0.004755044808905532,0.4755044808905532,g
midm,urban,WLTC_urban,D,des_dec,6,200.4228208428767,2.61161854360578,200.4228208428767,2.61161854360578,0.013030544788376081,1.3030544788376082,0.4728503971123737,0.010331789274557046,0.4728503971123737,0.010331789274557046,0.02185001712518744,2.1850017125187438,0.0011543254425831553,5.430236840819759e-05,0.0011543254425831553,5.430236840819759e-05,0.0470425119337918,4.70425119337918,63.97143539353127,0.8335826548851449,63.97143539353127,0.8335826548851449,0.01303054480108533,1.303054480108533,g
midm,urban,WLTC_urban,D,des_vel,15,197.30618315982332,0.5618134181842213,197.30618315982332,0.5618134181842213,0.002847419220152555,0.2847419220152555,0.47052984919636776,0.0017200144691745058,0.47052984919636776,0.0017200144691745058,0.003655484284604199,0.3655484284604199,0.0011628566734759346,2.9302503139857085e-06,0.0011628566734759346,2.9302503139857085e-06,0.0025198722945165694,0.2519872294516569,62.976659530491816,0.179320952219113,62.976659530491816,0.179320952219113,0.0028474192431926313,0.28474192431926315,g
midm,urban,WLTC_urban,D,jam_dis_0,15,197.66250471095432,2.2488666774595876,197.66250471095432,2.2488666774595876,0.011377305375888809,1.1377305375888809,0.4715202333821195,0.007637509580767228,0.4715202333821195,0.007637509580767228,0.016197628521654125,1.6197628521654124,0.001160587942651582,2.4653627935697132e-05,0.001160587942651582,2.4653627935697132e-05,0.021242360901467982,2.1242360901467983,63.0903910963956,0.7177986318757991,63.0903910963956,0.7177986318757991,0.011377305155377417,1.1377305155377417,g
midm,urban,WLTC_urban,D,max_acc,13,204.58815632933212,2.864936516261517,204.58815632933212,2.864936516261517,0.01400343288518489,1.400343288518489,0.49570976183522714,0.00981938892368446,0.49570976183522714,0.00981938892368446,0.019808746326340058,1.9808746326340059,0.0012396272514951106,3.1550892492929266e-05,0.0012396272514951106,3.1550892492929266e-05,0.025451919078800365,2.5451919078800365,65.30093709629685,0.9144372704809187,65.30093709629685,0.9144372704809187,0.014003432586770267,1.4003432586770268,g
midm,urban,WLTC_urban,D,safe_head,13,210.36037701342076,9.232454114574622,210.36037701342076,9.232454114574622,0.043888750560594415,4.388875056059441,0.5081094569117439,0.03607758280797018,0.5081094569117439,0.03607758280797018,0.07100356491541679,7.100356491541679,0.0012631412947883324,0.00012458196530282717,0.0012631412947883324,0.00012458196530282717,0.09862868533935759,9.862868533935758,67.14332829675315,2.9468367272198552,67.14332829675315,2.9468367272198552,0.04388874966393876,4.388874966393876,g
midm,urban,WLTC_urban,D_HEV,acc_exp,15,135.38062339327982,1.8975263881542084,135.38062339327982,1.8975263881542084,0.014016233199354584,1.4016233199354584,0.4124454496311794,0.0018421453136533352,0.4124454496311794,0.0018421453136533352,0.004466397472200589,0.4466397472200589,0.001081476411914559,6.91331729679884e-06,0.001081476411914559,6.91331729679884e-06,0.00639248089060034,0.6392480890600339,43.2111111285418,0.6056570100552778,43.2111111285418,0.6056570100552778,0.014016233191819714,1.4016233191819714,g
midm,urban,WLTC_urban,D_HEV,des_dec,6,138.432283611541,9.573652263731262,138.432283611541,9.573652263731262,0.06915765610423776,6.915765610423776,0.4119629579456263,0.005758648307697117,0.4119629579456263,0.005758648307697117,0.013978558500536795,1.3978558500536795,0.0010721688519527179,4.470926827909902e-05,0.0010721688519527179,4.470926827909902e-05,0.04169983878721248,4.169983878721248,44.1851473315792,3.0557412221378972,44.1851473315792,3.0557412221378972,0.06915765606045526,6.915765606045526,g
midm,urban,WLTC_urban,D_HEV,des_vel,15,133.16449614917664,2.9475472783445626,133.16449614917664,2.9475472783445626,0.022134633206155732,2.213463320615573,0.40965297757889424,0.0025819528815785313,0.40965297757889424,0.0025819528815785313,0.006302780701944924,0.6302780701944924,0.0010791394789660214,1.024542307873356e-06,0.0010791394789660214,1.024542307873356e-06,0.0009494067521790809,0.0949406752179081,42.5037623305606,0.9408051886376171,42.5037623305606,0.9408051886376171,0.022134633196016378,2.2134633196016376,g
midm,urban,WLTC_urban,D_HEV,jam_dis_0,15,135.7039703928894,0.7974670622330814,135.7039703928894,0.7974670622330814,0.005876519750485259,0.587651975048526,0.41132173779249676,0.004939722487233906,0.41132173779249676,0.004939722487233906,0.012009388353128793,1.2009388353128794,0.0010765682002923762,2.0132768060485966e-05,0.0010765682002923762,2.0132768060485966e-05,0.01870087566678848,1.8700875666788481,43.314317795828465,0.25453744414711144,43.314317795828465,0.25453744414711144,0.005876519753743543,0.5876519753743542,g
midm,urban,WLTC_urban,D_HEV,max_acc,13,131.34828004023208,1.7889113963780265,131.34828004023208,1.7889113963780265,0.013619602752545229,1.361960275254523,0.42586654244771943,0.005840384253333458,0.42586654244771943,0.005840384253333458,0.01371411855875116,1.371411855875116,0.0011411189622618336,2.5471692057730337e-05,0.0011411189622618336,2.5471692057730337e-05,0.02232167977231963,2.232167977231963,41.92405813291831,0.5709890172947931,41.92405813291831,0.5709890172947931,0.013619602746578075,1.3619602746578074,g
midm,urban,WLTC_urban,D_HEV,safe_head,13,135.19672638365847,6.737864411247089,135.19672638365847,6.737864411247089,0.04983748195297656,4.983748195297657,0.43463065489349373,0.02516974690458712,0.43463065489349373,0.02516974690458712,0.057910657293041075,5.7910657293041075,0.001160100468898757,0.00010868060823055338,0.001160100468898757,0.00010868060823055338,0.09368206560050794,9.368206560050794,43.15241443971575,2.150607675884156,43.15241443971575,2.150607675884156,0.04983748195338111,4.983748195338111,g
midm,urban,WLTC_urban,G,acc_exp,15,210.6553387758125,2.7570718404512364,210.6553387758125,2.7570718404512364,0.013088070098168354,1.3088070098168354,0.04183031427002715,0.0005188557493305264,0.04183031427002715,0.0005188557493305264,0.012403821448272128,1.2403821448272128,0.0024327196728054475,5.483009478892304e-05,0.0024327196728054475,5.483009478892304e-05,0.02253859965940596,2.253859965940596,67.86105948637196,0.8881703196624385,67.86105948637196,0.8881703196624385,0.013088070336432094,1.3088070336432094,g
midm,urban,WLTC_urban,G,des_dec,6,213.8893742484157,5.575883012581786,213.8893742484157,5.575883012581786,0.026069004279314207,2.6069004279314205,0.042272130166604305,0.001363221689589238,0.042272130166604305,0.001363221689589238,0.03224871053851472,3.224871053851472,0.0024160326950286126,0.0002283708571312446,0.0024160326950286126,0.0002283708571312446,0.0945230822418734,9.452308224187341,68.90288010711232,1.7962295159067314,68.90288010711232,1.7962295159067314,0.02606900485312689,2.6069004853126887,g
midm,urban,WLTC_urban,G,des_vel,15,210.46655293905562,2.0535519530036113,210.46655293905562,2.0535519530036113,0.009757141571080201,0.9757141571080201,0.04171406585518016,0.0003921730936434408,0.04171406585518016,0.0003921730936434408,0.009401459330408085,0.9401459330408085,0.002439397403196314,4.842218926751016e-05,0.002439397403196314,4.842218926751016e-05,0.019850061824310844,1.9850061824310843,67.80024352792083,0.6615365868394818,67.80024352792083,0.6615365868394818,0.009757141750782272,0.9757141750782272,g
midm,urban,WLTC_urban,G,jam_dis_0,15,209.91329018479652,4.0489633704487415,209.91329018479652,4.0489633704487415,0.01928874235111197,1.9288742351111972,0.04166404864031721,0.0008748230090398893,0.04166404864031721,0.0008748230090398893,0.02099707151823325,2.099707151823325,0.0024122833467773875,9.260453390746991e-05,0.0024122833467773875,9.260453390746991e-05,0.038388746509062446,3.8388746509062446,67.62201401303174,1.3043436360124419,67.62201401303174,1.3043436360124419,0.01928874280143558,1.9288742801435579,g
midm,urban,WLTC_urban,G,max_acc,13,225.3835633068387,6.3115631441603615,225.3835633068387,6.3115631441603615,0.028003653201488152,2.8003653201488152,0.04492318763365241,0.0013296264254948355,0.04492318763365241,0.0013296264254948355,0.029597775570556328,2.9597775570556326,0.0027476611269073095,0.00013452268837682555,0.0027476611269073095,0.00013452268837682555,0.048958980807156716,4.895898080715671,72.6056482005105,2.0332234348704383,72.6056482005105,2.0332234348704383,0.028003653782628753,2.8003653782628755,g
midm,urban,WLTC_urban,G,safe_head,13,232.57495798835927,18.02705429390028,232.57495798835927,18.02705429390028,0.07751072793831296,7.7510727938312955,0.046382153105447396,0.003760820039382533,0.046382153105447396,0.003760820039382533,0.08108334321678655,8.108334321678655,0.0028088078827722966,0.00043028450913444393,0.0028088078827722966,0.00043028450913444393,0.1531911498018699,15.31911498018699,74.92230282576757,5.8072823635461415,74.92230282576757,5.8072823635461415,0.07751072970956357,7.751072970956358,g
midm,urban,WLTC_urban,G_HEV,acc_exp,15,92.70619941952351,2.245602979725718,92.70619941952351,2.245602979725718,0.02422279193610006,2.422279193610006,0.03628533976417977,0.0002534035682537408,0.03628533976417977,0.0002534035682537408,0.00698363498593711,0.6983634985937109,0.0024415627623600978,3.742671728557874e-05,0.0024415627623600978,3.742671728557874e-05,0.015329000696832714,1.5329000696832713,29.864616662550077,0.7234043946491436,29.864616662550077,0.7234043946491436,0.024222791901972924,2.422279190197292,g
midm,urban,WLTC_urban,G_HEV,des_dec,6,96.0768099609728,11.46149911388206,96.0768099609728,11.46149911388206,0.11929516725771616,11.929516725771617,0.03622196693076123,0.0008957212841295588,0.03622196693076123,0.0008957212841295588,0.024728675994921585,2.4728675994921585,0.002396670545622155,0.0002255147573349771,0.002396670545622155,0.0002255147573349771,0.09409501766811901,9.4095017668119,30.95043392540865,3.692237193429101,30.95043392540865,3.692237193429101,0.11929516730936596,11.929516730936596,g
midm,urban,WLTC_urban,G_HEV,des_vel,15,90.30207797160078,3.2615743224177987,90.30207797160078,3.2615743224177987,0.03611848581650065,3.611848581650065,0.03592089654236588,0.0002893606231039094,0.03592089654236588,0.0002893606231039094,0.0080554955737987,0.8055495573798701,0.0024373358919134247,2.6951548088058703e-05,0.0024373358919134247,2.6951548088058703e-05,0.011057789850581675,1.1057789850581674,29.090146714229043,1.0506920504193686,29.090146714229043,1.0506920504193686,0.03611848577942844,3.6118485779428435,g
midm,urban,WLTC_urban,G_HEV,jam_dis_0,15,93.26842612579343,1.566469293078943,93.26842612579343,1.566469293078943,0.01679527958332016,1.679527958332016,0.03614527660191834,0.0007315450397784854,0.03614527660191834,0.0007315450397784854,0.020239021763072084,2.0239021763072085,0.0024197730688718657,9.663227443040457e-05,0.0024197730688718657,9.663227443040457e-05,0.03993443669304741,3.9934436693047406,30.04573383671602,0.5046265018382619,30.04573383671602,0.5046265018382619,0.016795279642050413,1.6795279642050414,g
midm,urban,WLTC_urban,G_HEV,max_acc,13,86.13905122283732,2.7880123263829706,86.13905122283732,2.7880123263829706,0.03236641554328855,3.236641554328855,0.03801367007776833,0.0007746113095195843,0.03801367007776833,0.0007746113095195843,0.02037717768199927,2.037717768199927,0.0027112937527072824,0.00011814028565987846,0.0027112937527072824,0.00011814028565987846,0.043573399430405856,4.357339943040586,27.749058427894468,0.8981375558830461,27.749058427894468,0.8981375558830461,0.03236641553863327,3.2366415538633273,g
midm,urban,WLTC_urban,G_HEV,safe_head,13,89.2982387328112,11.744908664049568,89.2982387328112,11.744908664049568,0.13152452759109223,13.152452759109224,0.038831856686011065,0.002392660287743272,0.038831856686011065,0.002392660287743272,0.0616159126021191,6.16159126021191,0.0027521303919331563,0.00040511537438226347,0.0027521303919331563,0.00040511537438226347,0.14720064702228794,14.720064702228793,28.7667673247732,3.783535482126652,28.7667673247732,3.783535482126652,0.13152452757068636,13.152452757068636,g
